macrodistrito,macro,distrito,zona,2020-07-01,2020-07-02,2020-07-03,2020-07-04,2020-07-05,2020-07-06,2020-07-07,2020-07-08,2020-07-09,2020-07-10,2020-07-11,2020-07-12,2020-07-13,2020-07-14,2020-07-15,2020-07-16,2020-07-17,2020-07-18,2020-07-19,2020-07-20,2020-07-21,2020-07-22,2020-07-23,2020-07-24,2020-07-25,2020-07-26,2020-07-27,2020-07-28,2020-07-29,2020-07-30,2020-07-31,2020-08-01,2020-08-02,2020-08-03,2020-08-04,2020-08-05,2020-08-06,2020-08-07,2020-08-09,2020-08-10,2020-08-11,2020-08-12,2020-08-14,2020-08-15,2020-08-16,2020-08-17,2020-08-18,2020-08-20,2020-08-21,2020-08-23,2020-08-25,2020-08-26,2020-08-27,2020-08-28,2020-08-29,2020-08-30,2020-08-31,2020-09-01,2020-09-02,2020-09-03,2020-09-04,2020-09-05,2020-09-06,2020-09-07,2020-09-08,2020-09-09,2020-09-10,2020-09-11,2020-09-12,2020-09-13,2020-09-14,2020-09-15,2020-09-16,2020-09-17,2020-09-18,2020-09-19,2020-09-20,2020-09-22,2020-09-23,2020-09-25,2020-09-26,2020-09-27,2020-10-01,2020-10-02,2020-10-03,2020-10-04,2020-10-05,2020-10-07,2020-10-08,2020-10-09,2020-10-10,2020-10-11,2020-10-13,2020-10-14,2020-10-15,2020-10-16,2020-10-17,2020-10-18,2020-10-19,2020-10-20,2020-10-22,2020-10-23,2020-10-24,2020-10-27,2020-10-29,2020-10-30,2020-10-31,2020-11-01,2020-11-03,2020-11-05,2020-11-06,2020-11-08,2020-11-10,2020-11-13,2020-11-14,2020-11-15,2020-11-16,2020-11-17,2020-11-19,2020-11-22,2020-11-24,2020-11-25,2020-11-26,2020-11-28,2020-11-29,2020-11-30,2020-12-01,2020-12-03,2020-12-04,2020-12-06,2020-12-07,2020-12-08,2020-12-11,2020-12-13,2020-12-14,2020-12-15,2020-12-16,2020-12-17,2020-12-18,2020-12-19,2020-12-21,2020-12-22,2020-12-23,2020-12-24,2020-12-25,2020-12-26,2020-12-27,2020-12-28,2020-12-31,2021-01-03,2021-01-05,2021-01-06,2021-01-07,2021-01-08,2021-01-09,2021-01-10
COTAHUMA,1,3,Sopocachi,8,8,8,8,8,9,9,9,9,9,9,9,9,11,12,12,14,14,16,16,16,17,17,18,18,18,18,18,19,19,19,19,19,19,20,20,21,21,28,28,28,29,31,32,34,34,36,40,43,74,108,112,133,153,169,201,206,205,235,301,321,347,375,394,418,445,463,473,476,503,511,511,512,514,516,516,517,515,518,521,522,525,538,540,542,544,546,552,553,555,554,555,558,563,567,568,569,570,572,574,579,580,582,581,585,586,587,588,588,596,601,605,610,615,618,620,622,625,627,631,632,635,637,637,638,638,640,647,649,650,650,651,651,651,651,651,651,651,653,653,653,653,654,657,658,659,664,668,671,671,671,686,688,693,695,696
COTAHUMA,1,3,Kantutani,0,0,0,0,0,0,0,0,0,0,0,0,0,0,0,0,0,0,0,0,0,0,0,0,0,0,0,0,0,0,0,0,0,0,0,0,0,0,0,0,0,0,0,0,0,0,0,0,0,1,1,1,1,1,1,2,2,2,5,9,9,9,11,11,11,13,13,19,19,21,21,21,22,22,22,22,22,22,22,22,22,22,22,22,22,22,23,23,23,23,23,23,23,23,23,23,23,23,23,23,23,23,23,24,24,24,24,24,24,24,24,25,26,26,26,27,27,27,27,27,27,27,27,27,27,27,27,29,29,29,29,29,29,29,29,29,29,29,29,29,29,29,29,29,29,29,29,29,30,30,30,30,31,31,31,31
COTAHUMA,1,3,8 de Diciembre,0,0,0,0,0,0,0,0,0,0,0,0,0,0,0,0,0,0,0,0,0,0,0,0,0,0,0,0,0,0,0,0,0,0,0,0,0,0,0,0,0,0,0,0,0,0,0,0,0,0,1,1,1,4,6,9,9,9,9,11,14,15,15,16,18,19,22,23,24,27,27,27,27,27,28,28,29,29,30,31,31,31,36,36,36,37,37,39,39,39,39,39,39,39,39,39,39,39,39,40,40,40,40,40,40,40,40,40,40,40,40,41,45,46,46,46,47,47,47,47,47,47,47,47,48,48,48,48,49,49,49,50,50,50,50,50,50,50,50,50,50,50,51,51,51,51,51,51,51,51,51,51,51,51,51,51
COTAHUMA,1,3,Sopocachi Alto,4,4,4,4,4,5,5,5,5,5,6,6,6,9,9,9,11,12,13,13,13,14,14,16,15,16,16,16,16,16,17,17,17,17,17,17,17,17,22,22,22,23,24,26,27,27,28,28,29,37,45,47,61,69,87,95,94,94,108,133,145,156,175,183,194,207,219,230,232,247,249,249,248,249,249,249,249,248,248,248,249,249,254,255,256,261,262,264,265,268,269,269,272,272,273,273,275,276,277,278,282,282,285,288,288,288,289,292,297,299,301,305,305,308,309,311,313,313,317,323,325,325,325,326,329,329,336,336,338,338,338,338,338,340,340,341,342,342,342,342,344,344,346,347,347,347,350,350,350,350,350,351,351,354,356,356
COTAHUMA,1,3,Sopocachi Bajo,0,0,0,0,0,0,0,0,0,0,0,0,0,0,0,0,0,0,0,0,0,0,0,0,0,0,0,0,0,0,0,0,1,1,1,1,1,1,1,1,1,1,1,1,1,1,2,2,2,4,10,10,12,14,19,24,25,25,27,31,34,37,41,41,45,47,49,50,50,52,53,53,53,53,53,53,53,53,53,53,53,53,55,55,56,56,56,56,57,57,57,57,57,57,57,58,58,58,58,58,58,58,58,60,62,62,62,62,62,65,65,65,66,66,66,66,66,66,67,68,68,68,68,68,68,68,68,68,68,68,68,68,68,68,68,68,68,68,68,68,68,68,68,68,68,68,68,68,68,68,68,69,70,70,70,70
COTAHUMA,1,4,Pasankeri,2,2,2,2,2,2,2,2,2,2,4,4,4,4,4,4,4,4,4,4,4,4,4,4,4,4,4,4,4,4,4,4,4,4,4,4,4,4,5,5,5,6,6,6,6,7,7,9,9,17,30,30,35,39,46,49,51,51,62,79,81,82,97,104,110,112,117,125,125,128,133,133,136,137,137,137,139,139,139,140,140,140,142,142,142,143,144,145,145,145,146,146,146,147,147,148,149,149,149,148,150,151,153,159,160,160,160,161,162,164,164,167,168,168,168,169,170,170,171,172,175,177,178,179,181,181,182,184,184,184,184,184,184,184,184,184,184,184,184,184,185,185,186,186,186,186,186,186,186,186,186,186,186,186,186,186
COTAHUMA,1,4,Obispo Bosque,0,0,0,0,0,0,0,0,0,0,0,0,0,0,0,0,0,0,0,0,0,0,0,0,0,0,0,0,1,1,1,1,2,2,2,2,2,2,4,4,4,4,4,4,4,5,5,6,6,7,10,10,14,14,14,14,15,15,16,23,25,26,30,34,37,45,46,47,47,48,48,48,48,48,48,48,48,48,48,48,48,48,49,51,51,51,52,52,53,53,53,53,53,53,53,53,53,54,54,54,54,54,54,54,54,54,54,55,55,55,56,57,61,61,61,61,61,62,62,63,63,63,63,63,63,64,65,65,65,65,65,65,65,65,65,65,65,65,65,65,65,65,65,65,65,65,65,65,65,65,65,65,65,65,65,65
COTAHUMA,1,4,Llojeta,1,1,1,1,1,1,1,1,1,1,1,1,1,1,1,1,1,1,1,1,1,2,2,2,1,1,1,1,1,1,1,1,1,1,2,2,2,2,3,3,3,3,3,3,4,4,4,5,5,7,11,13,14,17,20,23,24,24,26,32,35,42,44,47,52,53,58,58,58,60,62,62,62,65,67,67,67,67,68,68,69,71,72,72,72,72,72,74,74,76,77,77,77,78,79,79,80,81,81,81,81,82,82,83,86,88,88,88,89,89,89,92,93,93,95,95,96,96,97,101,101,101,101,102,102,102,102,102,103,104,104,104,104,105,105,105,105,105,106,106,106,107,107,107,108,108,108,108,108,108,108,108,109,109,109,110
COTAHUMA,1,4,Las Lomas,1,1,1,1,1,1,1,1,1,1,1,1,1,1,1,1,1,1,1,1,1,1,1,1,2,2,2,2,2,2,2,2,2,2,3,3,3,3,2,2,2,2,2,2,3,3,3,3,3,6,6,6,6,6,6,7,7,7,7,11,15,18,20,20,21,21,22,22,22,22,22,22,22,22,22,22,22,22,24,25,25,25,28,28,28,29,29,29,29,29,29,29,30,30,30,30,30,30,30,30,30,30,31,33,34,34,34,34,34,34,34,34,34,35,35,35,35,35,36,36,36,36,36,36,37,37,37,37,37,40,40,40,40,40,40,40,40,40,40,40,40,40,40,39,39,39,39,39,39,39,39,39,40,41,41,41
COTAHUMA,1,4,Tupac Amaru,1,1,1,1,1,1,1,1,1,1,1,1,1,1,1,1,1,1,1,1,1,1,1,2,2,2,2,2,2,2,2,2,2,2,2,2,2,2,2,2,2,2,2,2,2,2,2,2,2,3,5,6,7,7,8,8,8,8,10,11,12,12,13,13,13,14,14,14,14,14,14,14,14,14,14,14,14,14,15,16,16,16,16,16,16,16,16,16,16,16,16,16,16,16,16,16,16,16,16,16,16,16,16,17,17,17,17,17,17,17,17,19,21,21,21,21,21,21,21,21,21,21,21,21,21,21,21,21,21,21,21,21,21,21,21,21,21,21,21,21,21,21,21,21,21,21,21,21,21,21,21,21,21,21,21,21
COTAHUMA,1,4,Bajo Llojeta,1,1,1,1,1,1,1,1,1,1,1,1,1,1,1,1,2,2,2,2,2,2,2,2,3,3,3,3,4,4,4,4,4,4,4,4,4,4,7,7,7,8,11,11,11,11,11,12,13,20,24,24,30,33,38,40,40,40,42,56,63,74,81,85,90,100,108,108,109,114,114,114,115,116,117,117,118,118,118,121,121,121,125,125,126,126,126,126,127,128,128,128,128,128,128,129,130,131,131,131,134,134,134,139,139,140,140,142,142,143,146,146,148,150,150,151,151,152,152,152,152,152,152,153,155,156,159,159,159,159,159,159,159,161,161,161,161,161,161,161,164,164,164,165,165,165,165,166,166,166,166,169,171,171,172,174
COTAHUMA,1,4,Cotahuma,1,1,1,1,1,1,1,1,1,1,1,1,1,1,1,1,1,1,1,1,1,1,1,1,1,1,1,1,1,1,1,1,1,1,1,1,1,1,2,2,2,2,2,2,2,2,2,2,3,7,13,13,17,17,20,21,21,21,28,41,46,48,50,53,57,57,58,59,59,60,61,61,61,61,61,61,61,61,61,61,61,61,62,62,62,63,63,64,64,64,64,64,64,64,65,65,66,66,66,67,68,68,68,71,70,70,70,70,70,71,71,71,73,73,73,73,75,75,76,77,77,77,77,77,77,78,78,78,78,78,78,78,78,78,78,78,78,78,78,78,78,78,78,78,78,78,78,78,78,78,78,78,78,78,78,78
COTAHUMA,1,4,Inca Llojeta,0,0,0,0,0,0,0,0,0,0,0,0,0,0,0,0,0,1,1,1,1,1,1,1,1,1,1,1,1,1,1,1,1,1,1,1,1,1,1,1,1,1,1,1,1,1,1,1,1,3,3,3,4,4,6,6,7,7,9,13,17,19,21,23,24,29,33,36,36,41,43,43,43,43,44,44,45,45,45,45,45,45,49,49,49,49,49,49,49,49,49,49,49,50,50,50,50,50,51,51,51,51,51,51,52,52,52,52,52,52,52,54,54,54,54,54,54,54,54,55,57,58,58,60,61,61,61,63,63,63,63,63,63,63,63,63,63,63,63,63,64,64,64,64,64,64,64,64,64,64,64,64,65,65,65,66
COTAHUMA,1,4,Alpacoma,0,0,0,0,0,0,0,0,0,0,0,0,0,0,0,0,0,1,1,1,1,1,1,1,1,1,1,1,1,1,1,1,1,1,1,1,1,1,1,1,1,1,1,1,1,1,1,1,1,3,3,3,4,4,4,4,4,4,4,4,5,5,5,6,6,6,6,6,6,7,7,7,7,7,7,7,8,8,8,8,8,8,9,9,9,9,9,9,9,9,9,9,9,9,9,9,9,9,9,11,11,11,11,11,11,11,11,11,11,11,11,11,12,12,12,12,12,12,12,12,12,12,12,12,12,12,13,13,13,13,13,13,13,13,13,13,13,13,13,13,13,13,13,13,13,13,13,13,13,13,13,13,13,13,13,13
COTAHUMA,1,4,Tembladerani,5,5,5,5,5,5,5,5,5,5,6,7,7,8,8,8,9,9,9,9,9,9,9,9,9,9,9,9,10,10,11,11,11,11,11,11,11,11,17,17,17,18,18,20,27,28,30,31,31,41,54,55,66,75,82,88,89,89,97,128,147,158,175,187,198,207,219,228,228,234,238,238,239,241,241,240,240,240,242,243,246,249,264,266,267,269,273,275,278,279,279,280,280,283,284,284,284,285,286,288,294,295,295,298,299,299,300,300,301,305,305,306,313,319,319,326,329,329,330,332,332,332,333,335,335,337,338,338,339,340,340,340,340,340,340,340,341,341,342,342,342,342,342,342,343,344,344,344,344,344,344,347,348,348,348,350
COTAHUMA,1,5,Faro Murillo,1,1,1,1,1,1,1,1,1,1,1,1,1,1,2,2,2,2,2,2,2,2,2,2,2,2,2,2,2,2,2,2,2,2,2,4,4,4,4,4,4,5,5,5,5,5,5,5,6,7,9,9,9,9,9,10,10,10,12,13,13,15,16,16,16,16,16,16,16,16,17,17,17,17,18,18,18,18,19,19,19,19,20,20,20,20,20,20,20,21,21,21,21,21,21,21,21,21,21,21,21,21,21,21,21,21,21,22,22,22,22,22,22,23,23,23,23,23,23,23,23,23,23,24,24,24,24,24,24,24,24,24,24,24,24,24,24,24,24,24,24,24,24,24,24,24,24,24,24,24,24,24,24,24,24,24
COTAHUMA,1,5,Villa Nuevo Potosí,2,2,2,2,2,2,2,2,2,2,3,3,3,3,3,3,3,4,4,4,4,5,5,5,4,4,4,4,6,6,6,6,6,6,6,10,10,10,11,11,12,14,15,16,17,22,22,23,25,38,50,51,61,73,83,92,92,92,104,134,145,154,166,175,188,204,216,228,228,241,248,248,248,250,250,250,251,251,256,256,258,259,265,267,267,269,272,272,273,273,274,274,277,277,278,279,280,283,283,284,290,290,292,298,298,298,299,300,303,304,307,313,317,320,322,322,322,322,326,327,328,329,330,332,332,336,338,339,341,343,343,343,343,343,343,343,343,343,343,345,345,345,346,346,346,347,347,347,347,347,347,352,352,354,355,355
COTAHUMA,1,5,San Juan de Cotahuma,0,0,0,0,0,0,0,0,0,0,0,0,0,0,0,0,0,0,0,0,0,0,0,0,0,0,0,0,0,0,0,0,0,0,0,0,0,0,2,2,2,2,2,2,2,2,2,2,2,3,4,4,5,5,5,6,6,6,8,10,12,12,12,14,14,14,14,14,14,16,16,16,16,16,16,16,17,17,17,17,17,17,18,18,18,18,18,19,19,19,19,19,20,20,20,20,20,21,21,21,21,21,21,23,23,23,23,24,24,24,24,24,24,24,24,24,24,24,24,25,25,25,25,25,25,25,25,25,25,25,25,25,25,25,25,25,25,25,25,25,25,25,25,25,25,25,25,25,25,25,25,25,25,25,25,25
COTAHUMA,1,5,Tacagua,1,1,1,1,1,1,1,1,2,2,2,2,2,2,2,2,2,2,3,3,3,3,3,3,3,3,3,3,3,3,3,3,4,4,4,5,5,5,8,9,9,9,9,9,9,9,9,9,9,20,31,31,39,45,50,55,55,55,61,75,78,83,89,93,103,115,121,124,124,128,129,129,129,129,129,129,130,130,132,132,133,133,133,133,135,135,136,137,138,140,142,142,142,142,143,144,144,145,146,146,148,148,148,150,151,151,151,151,151,155,155,158,159,159,159,160,160,160,161,162,162,163,164,166,166,167,167,167,168,168,168,168,168,168,167,167,167,167,167,167,167,167,167,168,168,168,168,168,168,168,168,168,169,169,169,169
COTAHUMA,1,5,Alto Tacagua,2,2,2,2,2,2,2,2,2,2,2,2,2,2,2,2,2,2,2,2,2,2,2,2,2,2,2,2,2,2,2,2,2,2,2,2,2,2,3,3,3,3,3,3,3,3,5,5,6,9,10,11,12,12,14,19,19,19,19,21,24,27,27,27,28,29,31,32,32,36,37,37,37,37,37,37,37,37,37,37,37,37,37,37,37,38,38,38,38,38,38,38,38,38,38,38,38,39,39,39,39,39,39,41,41,41,41,41,42,42,42,42,42,42,42,42,42,42,43,43,43,43,43,43,43,43,44,45,45,45,45,45,45,46,46,46,46,46,46,46,46,46,47,47,47,47,47,48,48,48,48,48,50,50,50,50
COTAHUMA,1,6,San Pedro,0,0,0,0,0,0,0,0,0,0,1,3,3,3,3,3,4,6,7,8,8,8,8,10,11,11,11,11,13,13,13,13,13,13,14,16,16,16,21,22,22,22,22,24,27,27,29,29,30,47,72,76,102,110,134,150,152,152,164,206,251,272,296,306,318,335,347,395,400,426,429,429,429,433,436,436,437,436,437,440,443,444,451,454,454,457,457,460,461,462,464,464,468,470,474,478,481,486,486,485,488,488,488,488,491,492,493,496,498,499,501,504,508,519,519,520,520,520,522,526,528,529,530,533,534,534,538,543,545,545,547,548,549,549,549,549,550,550,552,552,556,557,559,560,561,561,563,563,563,563,563,571,573,575,575,576
COTAHUMA,1,6,Bello Horizonte,2,2,2,2,2,2,2,2,2,2,2,2,2,2,2,2,2,3,3,3,3,3,3,3,3,3,3,3,3,3,4,4,4,4,4,4,4,4,5,5,5,6,6,6,6,6,6,6,8,14,21,21,25,29,38,46,47,47,54,59,65,72,74,84,93,106,114,120,122,126,126,126,127,128,129,129,129,129,130,131,131,131,137,137,139,140,142,144,145,146,147,147,148,148,148,148,148,148,148,148,151,152,152,152,153,154,154,155,156,157,158,162,165,166,166,167,167,169,170,172,172,172,173,174,174,175,178,179,179,179,179,179,179,180,180,180,180,180,180,180,180,180,180,180,180,182,182,182,183,183,183,185,185,185,185,185
COTAHUMA,1,6,Belén,0,0,0,0,0,0,0,0,0,0,0,0,0,0,0,0,0,0,0,0,0,0,0,0,0,0,0,0,0,0,0,0,2,2,2,2,2,2,3,3,3,3,3,5,6,6,6,8,9,12,20,20,24,26,33,33,34,34,39,51,56,57,63,74,74,78,84,86,86,88,88,88,88,89,92,92,90,90,91,91,91,91,93,94,94,94,94,94,94,95,97,97,98,99,99,99,99,100,100,101,101,103,105,105,106,109,109,109,110,111,111,112,112,113,113,113,113,113,114,115,115,115,115,115,116,117,120,120,120,122,122,122,122,124,124,124,124,124,124,124,124,124,124,125,125,125,125,125,125,125,125,125,125,126,126,126
COTAHUMA,1,6,San Pedro Alto,0,0,0,0,0,1,1,1,1,1,1,1,1,3,3,3,3,3,3,3,3,3,3,3,3,3,4,4,5,5,5,5,5,5,5,5,5,5,6,6,6,7,7,7,8,8,10,12,13,19,36,38,46,57,69,73,73,73,82,117,135,152,167,185,193,196,207,212,212,221,223,223,224,226,226,226,229,229,229,230,232,233,245,245,245,245,246,249,251,253,253,254,256,255,256,257,257,258,261,262,263,265,269,271,272,275,277,278,280,284,287,290,295,296,296,297,298,301,305,307,307,307,309,312,313,313,316,319,320,321,321,323,323,324,324,324,324,324,325,325,325,325,325,324,324,325,325,325,325,325,325,326,326,326,326,328
MAX PAREDES,2,10,Alto Ciudadela,0,0,0,0,0,0,0,0,0,0,0,0,0,0,0,0,0,0,0,0,0,0,0,0,0,0,0,0,0,0,1,1,1,1,1,1,1,1,1,1,1,1,1,2,2,2,2,2,2,2,3,3,3,5,7,9,9,9,10,14,15,15,19,19,19,22,24,25,25,28,30,30,29,30,30,30,30,30,31,31,31,31,32,32,32,32,32,33,34,34,34,34,35,36,37,37,37,37,37,37,38,38,39,39,39,39,39,39,39,39,39,39,41,41,41,41,41,41,41,41,41,41,41,42,42,43,43,43,43,43,44,44,44,44,44,44,44,44,44,44,45,45,45,45,45,45,45,45,45,45,45,45,46,46,46,46
MAX PAREDES,2,10,Ciudadela Ferroviaria,1,1,1,1,1,1,1,1,1,1,1,1,1,1,1,1,1,1,1,1,1,1,1,1,1,1,1,1,1,1,1,1,1,1,2,2,2,2,2,2,2,2,3,3,3,3,3,3,4,7,11,11,13,18,21,28,29,29,32,45,48,50,56,58,59,67,71,71,71,74,75,75,75,75,75,76,76,76,77,77,78,78,81,81,81,81,81,81,81,81,81,81,81,82,82,82,82,82,82,82,84,85,86,87,87,87,88,88,88,89,89,90,92,94,94,95,95,95,95,96,96,97,98,98,98,98,99,99,99,99,99,99,99,99,99,99,99,99,99,99,100,100,101,101,101,101,102,102,102,102,102,103,105,105,105,105
MAX PAREDES,2,10,Alto Pura Pura San Sebastián,0,0,0,0,0,0,0,0,0,0,0,0,0,0,0,0,0,0,0,0,0,0,0,0,0,0,0,0,0,0,0,0,0,0,0,0,0,0,0,0,0,0,0,0,0,0,0,0,0,0,1,1,1,1,1,2,2,2,3,5,6,6,6,6,7,7,7,7,7,7,7,7,7,7,7,7,7,7,7,7,7,7,7,7,7,8,8,8,8,8,8,8,8,8,8,8,8,8,8,8,8,8,8,8,8,8,8,8,8,8,8,8,8,8,8,8,8,8,8,8,8,8,8,8,8,8,8,9,9,9,9,9,9,9,9,9,9,9,9,9,9,9,9,9,9,9,9,9,9,9,9,9,9,9,9,9
MAX PAREDES,2,10,Alto Pura Pura Alto San Pedro,0,0,0,0,0,0,0,0,0,0,0,0,0,0,0,0,0,0,0,0,0,0,0,0,0,0,0,0,0,0,0,0,0,0,0,0,0,0,0,0,0,0,0,0,0,0,0,0,0,0,1,1,1,1,1,1,1,1,2,3,4,4,4,4,4,10,10,11,11,11,11,11,11,11,11,11,11,11,11,11,11,11,11,11,11,11,11,11,11,11,11,11,11,11,11,11,11,11,11,11,11,11,11,11,11,11,11,11,11,11,11,11,11,11,11,11,11,11,11,11,11,11,11,11,11,11,11,11,11,11,11,11,11,11,11,11,11,11,11,11,11,11,11,11,11,11,11,11,11,11,11,11,11,11,11,11
MAX PAREDES,2,10,Caja Ferroviaria,0,0,0,0,0,0,0,0,0,0,0,0,0,1,1,1,1,1,1,1,1,1,1,1,1,2,2,2,2,2,2,2,2,2,2,2,2,2,2,2,2,2,2,2,2,2,2,2,2,3,6,6,6,9,10,11,11,11,13,16,17,18,19,20,21,24,25,25,25,27,28,28,28,28,28,28,29,29,29,29,29,29,29,29,29,29,29,30,30,30,30,30,30,30,31,31,31,31,32,33,33,33,33,33,33,33,33,33,33,33,33,35,35,36,36,36,36,36,37,37,37,37,37,37,37,37,37,38,38,38,38,38,38,38,38,38,38,38,38,38,38,38,38,38,38,38,38,38,38,38,38,38,38,38,38,38
MAX PAREDES,2,10,Alto Pura Pura,0,0,0,0,0,0,0,0,0,0,0,0,0,0,0,0,0,0,0,0,0,0,0,0,0,0,0,0,0,0,0,0,0,0,0,0,0,0,0,0,0,0,0,0,0,0,0,1,1,2,2,2,2,3,3,5,5,5,6,8,8,8,10,11,13,13,14,14,14,15,16,16,16,17,18,18,18,18,18,18,18,18,20,21,21,21,21,21,21,21,21,21,22,22,22,22,22,22,22,22,22,22,22,22,22,22,22,22,22,22,22,23,23,23,23,23,23,23,23,24,24,24,24,24,25,25,25,26,26,27,27,27,27,27,27,27,27,27,27,27,27,27,27,27,27,27,27,27,27,27,27,27,27,27,27,27
MAX PAREDES,2,10,Pura Pura,1,1,1,2,2,2,2,2,2,2,3,3,3,3,4,4,4,4,4,4,4,4,4,4,4,4,4,4,4,4,4,4,6,6,4,4,5,5,9,9,9,10,10,13,18,19,20,22,23,39,48,50,58,67,74,83,88,88,106,127,140,147,161,177,192,206,213,215,215,224,226,226,226,229,231,232,232,232,236,239,241,243,247,248,249,250,251,252,252,253,255,255,256,257,258,259,259,263,265,264,264,264,264,267,271,272,272,273,275,277,279,282,283,291,292,293,293,293,293,296,296,298,299,300,302,303,304,306,308,309,309,309,310,311,311,311,312,311,311,311,312,313,314,314,315,315,317,318,320,320,320,324,324,325,327,330
MAX PAREDES,2,7,Chamoco Chico,2,2,2,2,2,2,2,2,2,2,2,3,3,3,3,3,3,4,4,4,4,4,4,4,4,4,4,4,4,4,4,4,4,4,4,4,4,4,5,5,5,6,6,6,7,7,7,7,7,10,14,15,16,22,23,27,27,27,29,34,35,40,45,47,55,58,62,63,63,69,69,69,69,69,69,70,70,70,70,70,71,72,73,73,73,73,73,76,76,76,76,76,77,78,78,78,79,79,79,79,80,81,82,82,81,81,81,82,83,83,83,83,85,89,89,90,90,90,90,90,90,90,91,91,91,92,92,93,93,94,94,95,95,95,95,95,95,95,95,95,95,95,95,95,95,95,96,96,97,97,97,97,97,97,97,97
MAX PAREDES,2,7,Barrio Lindo,0,0,0,0,0,0,0,0,0,0,0,0,0,0,0,0,0,0,0,0,0,0,0,0,0,0,0,0,0,0,0,0,0,0,0,0,0,0,0,0,0,0,0,0,0,0,0,0,0,0,0,0,0,0,0,0,0,0,1,3,3,3,4,4,4,5,5,5,5,5,6,6,6,6,6,6,6,6,6,6,6,6,6,6,6,6,6,7,7,7,7,7,7,7,7,7,7,7,7,7,7,7,7,7,7,7,7,7,7,7,7,7,7,8,8,8,8,8,8,8,8,8,8,8,8,9,10,10,10,10,10,10,10,10,10,10,10,10,10,10,10,10,10,10,10,10,10,10,10,10,10,10,10,10,10,10
MAX PAREDES,2,7,Sagrado Corazón de Jesús,0,0,0,0,0,0,0,0,0,0,0,0,0,0,0,0,0,0,0,0,0,0,0,0,0,0,0,0,0,0,0,0,0,0,0,0,0,0,0,0,0,0,0,0,0,0,0,0,0,0,0,0,0,0,0,1,1,1,5,12,12,12,13,13,13,13,15,15,15,16,16,16,16,16,17,17,17,17,17,17,17,17,19,19,19,19,19,19,19,19,19,19,19,20,20,20,20,21,21,21,21,21,21,22,22,22,22,22,22,22,22,22,22,22,23,23,23,23,23,23,23,23,23,23,23,23,23,23,23,23,23,23,23,23,23,23,23,23,23,23,23,23,23,23,23,23,23,23,24,24,24,24,24,24,24,24
MAX PAREDES,2,7,Los Andes,3,3,3,3,3,3,3,3,3,3,3,3,3,3,3,3,3,4,4,4,4,4,4,4,4,4,4,4,4,4,4,4,4,4,4,4,4,4,4,4,4,4,4,4,4,4,5,6,7,11,16,16,19,22,23,31,32,32,35,43,47,52,55,57,66,68,70,71,71,76,78,78,78,79,79,79,79,79,79,80,81,81,82,82,82,82,82,82,82,83,83,84,86,86,86,86,86,86,86,86,88,88,89,90,92,92,92,92,93,93,94,94,95,96,96,97,97,97,100,102,102,102,102,104,105,106,106,106,106,106,106,106,106,106,106,106,106,106,106,106,106,106,106,105,106,106,106,106,106,106,106,107,107,108,108,108
MAX PAREDES,2,7,23 de Marzo La Hoyada,0,0,0,0,0,0,0,0,0,0,0,0,0,0,0,0,0,0,0,0,0,0,0,0,0,0,0,0,0,0,0,0,0,0,0,0,0,0,0,0,0,0,0,1,1,1,1,1,1,1,1,1,1,2,2,2,2,2,2,2,2,2,2,2,2,2,2,2,2,2,2,2,2,2,2,2,2,2,2,2,2,2,2,2,2,2,2,2,2,2,2,2,2,2,2,2,2,2,2,2,2,2,2,2,2,2,2,2,2,2,2,2,2,2,2,2,2,2,2,2,2,2,2,2,2,2,2,2,2,2,2,2,2,2,2,2,2,2,2,2,2,2,2,2,2,2,2,2,2,2,2,2,2,2,2,2
MAX PAREDES,2,7,Obispo Indaburo,1,1,1,1,1,1,1,1,1,1,1,1,1,1,1,1,1,2,2,2,2,2,2,2,2,2,2,2,2,2,2,2,2,2,2,2,2,2,4,4,5,5,5,5,5,5,5,5,5,7,17,17,22,25,29,32,34,34,38,52,61,62,68,74,80,83,92,94,94,97,100,100,99,102,104,104,104,104,107,107,107,108,108,108,109,109,109,110,110,110,110,111,111,111,112,113,113,113,114,114,116,116,116,119,119,119,120,121,121,121,121,121,124,125,125,125,126,126,126,126,130,131,131,134,134,135,139,139,139,140,140,140,140,140,140,140,140,140,140,140,140,140,140,140,140,140,140,140,140,140,140,140,140,140,141,141
MAX PAREDES,2,7,14 de Septiembre,5,5,5,5,5,5,5,5,5,5,5,5,5,5,5,5,6,6,8,8,8,8,8,8,8,8,8,8,8,8,9,9,9,9,10,10,9,9,9,9,9,12,12,12,14,14,14,14,15,23,32,32,40,43,43,49,49,49,54,66,70,76,86,98,101,104,107,111,111,116,117,117,119,122,122,122,121,120,120,121,122,122,123,123,123,123,125,127,130,130,130,130,131,131,131,131,131,131,132,133,134,134,134,134,134,135,135,136,136,137,137,139,141,141,142,142,142,142,142,142,142,143,145,147,147,148,148,148,148,149,149,149,149,149,149,149,149,149,149,150,151,151,151,151,151,151,151,152,154,154,154,157,157,157,157,157
MAX PAREDES,2,7,Chijini,4,4,4,4,4,4,4,4,4,4,4,4,4,4,4,4,5,5,5,5,5,5,5,5,5,5,5,5,5,5,6,6,6,6,6,6,6,6,9,10,10,11,11,11,12,12,13,14,16,28,46,47,52,60,70,72,72,72,77,92,98,105,123,128,135,142,150,164,164,172,174,174,174,176,177,178,178,178,180,182,182,183,192,194,197,197,197,197,197,199,199,199,199,199,199,199,199,199,200,201,203,203,203,210,210,213,214,219,222,227,230,230,230,232,232,232,233,235,235,236,236,238,238,239,240,245,248,250,251,251,251,251,251,252,252,252,252,252,252,252,252,252,252,253,253,253,253,253,255,255,255,259,262,262,263,263
MAX PAREDES,2,7,Alto Sagrado Corazón de Jesús,0,0,0,0,0,0,0,0,0,0,0,0,0,0,0,0,0,0,0,0,0,0,0,0,0,0,0,0,0,0,0,0,0,0,0,0,0,0,0,0,0,0,0,0,0,0,0,0,0,0,0,0,0,0,0,0,0,0,0,0,0,0,0,0,0,0,0,0,0,0,2,2,1,1,1,1,1,1,1,1,1,1,1,1,1,1,1,1,1,1,2,2,2,2,2,2,2,2,2,2,2,2,2,2,2,2,2,2,2,2,3,3,3,3,3,3,3,3,3,3,3,3,3,3,3,3,4,4,4,4,4,4,4,4,4,4,4,4,4,4,4,4,4,4,4,4,4,4,4,4,4,4,4,4,4,4
MAX PAREDES,2,7,Gran Poder,5,5,5,5,5,8,8,8,8,8,8,8,8,8,8,8,8,8,8,8,8,9,9,9,8,9,9,9,10,10,11,11,11,11,11,11,11,11,11,11,12,12,12,13,13,13,14,15,15,22,45,47,52,60,63,66,68,67,73,95,98,112,120,128,134,135,141,147,147,158,161,162,164,165,165,165,165,165,167,168,168,169,172,172,172,172,172,172,173,174,175,175,177,177,178,179,179,179,181,181,184,184,186,191,191,191,193,193,194,195,196,197,202,205,205,205,208,208,209,213,214,215,215,215,216,216,217,217,217,222,222,222,222,224,224,224,224,224,225,225,227,227,227,228,228,228,228,228,228,228,228,228,229,229,229,229
MAX PAREDES,2,8,Mariscal Santa Cruz,0,0,0,0,0,0,0,0,0,0,0,0,0,1,1,1,1,1,1,1,1,1,1,1,1,1,1,1,3,3,3,3,3,3,3,3,3,3,3,3,3,3,3,3,3,3,4,5,6,13,24,24,28,35,38,40,40,40,48,59,68,74,84,90,94,100,107,108,108,113,115,115,115,116,116,116,117,117,118,121,124,124,128,128,128,129,129,129,130,134,134,134,136,137,137,139,139,140,140,141,141,141,141,142,142,143,143,144,144,144,145,146,147,149,149,149,149,149,152,152,152,153,153,155,156,158,159,159,159,159,159,159,159,160,160,160,160,160,160,160,163,163,163,163,163,163,163,163,163,163,163,164,165,166,166,166
MAX PAREDES,2,8,El Tejar,8,8,8,8,8,8,8,8,8,8,8,9,9,9,10,11,12,12,12,15,15,15,15,15,16,16,16,16,17,17,17,17,17,17,17,18,18,18,23,23,23,23,23,24,24,24,26,32,32,44,64,65,80,98,112,130,131,131,143,171,187,199,215,224,237,254,269,271,271,281,283,283,285,287,287,287,286,286,287,287,288,288,296,297,298,298,299,301,303,303,302,302,306,307,308,309,309,309,310,311,315,315,318,319,319,320,319,321,322,324,325,326,327,327,328,329,331,331,331,332,332,333,333,338,339,340,341,341,341,344,346,346,346,347,347,347,347,347,347,347,348,348,349,349,349,349,350,350,350,350,350,351,351,352,353,355
MAX PAREDES,2,8,Callampaya,1,1,1,1,1,1,1,1,1,1,1,1,1,1,1,1,2,2,3,3,3,4,4,4,3,3,3,3,3,3,3,3,3,3,4,5,5,5,6,6,7,8,8,8,8,8,8,8,9,22,29,29,35,43,46,47,47,47,54,63,67,70,79,86,92,98,101,104,105,108,111,111,111,112,113,113,113,112,113,115,115,115,116,116,116,117,117,119,119,119,119,119,119,119,119,120,120,121,121,122,122,122,123,129,129,129,129,129,129,130,130,130,132,135,135,135,135,135,135,135,135,135,135,135,135,136,137,137,137,139,139,140,140,140,140,140,140,140,140,140,140,141,141,141,141,141,141,141,141,141,141,141,143,143,143,144
MAX PAREDES,2,8,Villa Victoria,3,3,3,3,3,3,3,3,3,3,5,5,5,5,5,5,5,5,5,5,5,5,5,5,6,6,6,6,8,8,9,9,10,10,10,10,10,10,11,11,11,13,15,15,16,16,17,21,21,36,50,50,58,70,80,91,96,96,110,143,153,166,177,184,203,216,223,227,230,240,240,240,242,243,242,242,243,242,244,245,247,248,253,253,254,255,256,259,261,261,262,262,264,265,267,267,267,268,269,268,272,272,273,277,279,279,279,280,280,285,286,286,290,292,294,295,295,295,296,299,300,300,300,302,303,303,304,305,306,306,307,308,310,311,311,311,311,311,311,311,311,312,313,314,315,317,317,317,317,317,317,318,318,318,318,318
MAX PAREDES,2,9,Rincón La Portada,0,0,0,0,0,0,0,0,0,0,0,0,0,0,0,0,0,0,0,0,0,0,0,0,0,0,0,0,0,0,0,0,0,0,0,0,0,0,0,0,0,0,0,0,0,0,1,1,1,3,3,3,4,4,5,5,5,5,8,10,11,12,12,15,15,18,18,18,18,20,20,20,20,20,20,20,20,20,21,22,22,22,23,23,23,23,23,23,23,23,23,23,23,23,23,23,23,23,23,23,23,23,23,23,23,23,23,23,23,23,23,23,24,24,24,24,24,24,24,24,24,24,24,24,24,24,24,24,24,24,24,24,24,24,24,24,24,24,24,24,24,24,24,24,24,24,24,24,24,24,24,24,24,24,24,24
MAX PAREDES,2,9,La Portada,2,2,2,2,2,3,3,3,3,3,4,5,5,5,5,5,7,8,8,8,8,8,8,9,10,10,10,10,12,12,12,12,12,12,12,12,12,12,12,12,12,13,14,15,16,16,16,17,17,26,37,38,42,46,50,52,54,54,63,82,92,98,109,115,120,123,131,138,140,144,146,146,146,147,148,148,148,148,150,150,152,152,156,156,157,157,157,157,158,159,158,159,160,161,161,163,163,163,163,164,167,168,168,168,169,169,169,169,170,170,172,172,174,174,174,174,174,174,176,178,178,179,181,182,184,188,188,190,192,193,193,193,193,194,195,195,195,195,197,197,197,199,200,199,199,201,201,201,202,202,202,202,203,203,204,204
MAX PAREDES,2,9,Huacataqui,1,1,1,1,1,1,1,1,1,1,2,2,2,2,2,2,3,3,3,3,3,3,3,3,3,3,3,3,3,3,3,3,3,3,3,3,3,3,3,3,3,3,3,3,4,4,4,4,4,5,6,6,7,8,8,9,9,9,9,11,14,14,17,19,19,22,22,24,24,24,25,25,25,25,25,25,25,25,25,25,25,25,26,26,26,26,26,26,26,26,26,26,26,26,26,26,26,26,26,26,26,26,26,26,26,26,26,26,26,26,26,26,26,26,26,26,26,26,26,26,27,27,27,27,27,27,27,27,27,27,27,27,27,27,27,27,27,27,27,27,27,27,28,28,28,28,28,28,28,28,28,28,28,28,28,28
MAX PAREDES,2,9,Munaypata,3,3,3,3,3,3,3,3,3,3,3,4,4,5,5,5,5,5,5,5,5,5,5,5,12,12,12,12,12,12,12,12,13,13,13,13,13,13,16,16,16,18,19,23,28,28,28,32,32,48,73,74,87,97,105,122,124,124,140,164,188,200,210,227,241,250,258,263,263,275,282,282,282,283,284,287,286,286,286,286,288,288,305,305,306,307,308,310,312,313,312,312,313,314,315,315,316,317,317,317,319,319,320,327,328,329,330,331,334,335,337,339,342,346,347,348,348,349,350,351,353,356,358,360,361,361,362,368,368,368,368,368,368,369,369,369,369,369,369,369,371,371,372,372,372,373,373,373,375,375,375,376,377,377,377,377
MAX PAREDES,2,9,Alto Tejar,0,0,0,0,0,0,0,0,0,0,0,0,0,0,0,0,0,0,1,1,1,1,1,1,1,1,1,1,1,1,1,1,1,1,1,1,1,1,1,1,1,1,1,1,1,1,1,1,1,2,4,4,5,7,7,11,11,11,11,15,17,20,26,30,34,35,36,38,38,42,43,43,43,43,43,44,44,44,44,44,44,44,47,49,49,49,49,49,49,49,50,50,50,50,51,51,51,51,51,50,50,51,52,55,56,56,56,56,56,56,57,57,58,59,59,59,60,60,61,61,61,61,61,63,64,65,65,67,67,69,69,69,69,69,70,70,70,70,70,70,70,70,70,70,70,70,70,70,70,70,70,70,70,70,70,70
MAX PAREDES,2,9,Unión Alianza,0,0,0,0,0,0,0,0,0,0,0,0,0,1,1,1,1,1,1,1,1,1,1,1,1,1,1,1,1,1,1,1,1,1,1,1,1,1,1,1,1,1,1,1,1,1,1,1,2,2,2,2,2,2,2,3,3,3,4,4,4,4,6,6,6,6,6,6,6,6,6,6,6,6,6,6,6,6,6,6,6,6,6,6,6,6,6,6,6,6,6,6,6,6,6,6,6,6,6,6,6,6,6,6,6,6,6,6,6,6,6,6,6,6,6,6,6,6,6,6,6,6,6,6,6,6,6,6,6,6,6,6,6,6,6,6,6,6,6,6,6,6,6,6,6,6,6,6,6,6,6,6,6,6,6,6
MAX PAREDES,2,9,Alto Munaypata Cusicancha,2,2,2,2,2,2,2,2,2,2,3,3,3,4,4,4,4,4,4,4,4,4,4,4,5,5,5,5,4,4,4,4,4,4,4,5,5,5,5,5,5,5,5,5,5,5,5,5,5,7,8,8,10,12,13,15,17,17,18,20,22,22,22,26,29,33,38,38,38,40,41,41,41,41,41,41,41,41,41,41,41,41,42,43,44,44,44,44,44,44,44,44,44,44,44,44,44,44,44,44,45,47,47,49,49,49,49,49,49,50,50,52,52,53,53,53,53,53,53,53,53,53,53,53,53,53,53,53,53,53,53,53,53,53,53,53,53,53,53,53,53,53,53,53,53,53,53,53,53,53,53,53,53,53,54,54
MAX PAREDES,2,9,Alto Mcal. Santa Cruz,1,1,1,1,1,1,1,1,1,1,1,1,1,1,1,1,2,2,3,3,3,3,3,3,3,3,3,3,5,5,5,5,5,5,5,5,5,5,5,5,5,5,5,5,5,5,6,7,8,12,15,15,18,23,23,26,26,26,33,36,40,44,46,52,54,56,56,58,58,60,60,60,60,60,60,60,61,61,62,62,63,64,65,67,67,67,67,67,67,68,69,69,69,69,70,70,70,70,71,71,72,73,73,74,73,73,73,73,73,74,74,75,75,78,78,81,81,82,82,82,82,82,83,85,85,86,86,86,86,86,86,87,87,87,87,87,87,87,87,87,87,87,88,88,88,88,88,89,89,89,89,89,89,89,90,90
MAX PAREDES,2,9,Villa Antofagasta,0,0,0,0,0,1,1,1,1,1,1,1,1,1,1,1,1,1,1,1,1,1,1,1,1,1,1,1,3,3,3,3,3,3,3,3,3,3,3,3,3,3,4,4,5,5,5,5,5,6,6,6,6,6,6,6,6,6,6,7,7,7,7,7,8,8,8,8,8,8,8,8,9,9,9,9,10,10,10,10,10,10,10,10,10,10,10,10,10,10,10,10,10,10,10,10,10,10,10,10,10,10,10,10,10,10,10,10,10,10,10,10,10,10,10,11,11,11,11,11,11,11,11,11,11,11,11,11,11,11,11,11,11,11,11,11,11,11,11,11,11,11,11,11,11,11,11,12,12,12,12,12,12,12,12,12
MAX PAREDES,2,9,Alto Villa Victoria,0,0,0,0,0,0,0,0,0,0,0,0,0,0,0,0,0,0,0,0,0,0,0,0,0,0,0,0,0,0,0,0,0,0,0,0,0,0,0,0,0,0,0,0,0,0,0,0,0,0,1,1,2,2,4,4,4,4,5,5,6,6,6,7,8,8,10,11,11,15,16,16,17,17,16,16,16,16,16,16,17,17,17,17,17,17,17,17,18,18,18,18,18,18,18,19,19,19,19,19,19,19,19,19,19,19,19,20,22,22,22,23,23,24,24,24,24,24,24,26,26,26,26,26,26,26,26,26,26,26,26,26,26,26,26,26,26,26,26,26,26,26,26,26,26,26,26,26,26,26,26,26,26,26,26,26
MAX PAREDES,2,9,Chualluma,1,1,1,1,1,1,1,1,1,1,1,1,1,1,1,1,1,1,1,1,1,1,1,1,1,1,1,1,1,1,1,1,1,1,1,1,1,1,1,1,1,1,1,1,1,1,1,1,1,2,4,4,5,5,5,5,5,5,5,5,5,5,5,5,5,5,5,5,5,5,5,5,5,5,5,5,5,5,5,5,5,5,6,6,6,6,7,7,7,7,7,7,7,7,7,7,7,7,7,7,7,7,7,7,7,7,7,7,7,7,7,7,7,7,7,7,7,7,7,7,7,7,7,7,7,7,7,7,7,7,7,7,7,7,7,7,7,7,7,7,7,7,7,7,7,7,7,7,7,7,7,7,7,7,7,7
PERIFERICA,3,11,Plan Autopista,1,1,1,1,1,1,1,1,1,1,1,1,1,1,1,1,1,1,1,1,1,1,1,1,1,1,1,1,1,1,1,1,1,1,1,1,1,1,2,2,2,2,2,2,2,2,3,3,3,4,5,5,5,7,7,7,7,7,9,11,11,11,12,12,13,14,16,17,18,19,19,19,19,19,19,19,19,19,19,19,19,19,20,20,20,20,20,21,21,21,21,21,21,21,22,22,22,22,22,22,22,22,22,22,22,22,22,22,22,22,22,22,24,24,24,24,24,25,25,25,26,26,27,27,27,27,27,28,28,29,29,29,29,29,29,29,29,29,29,29,29,29,29,29,29,29,29,29,29,29,29,29,29,29,29,29
PERIFERICA,3,11,Limanipata,0,0,0,0,0,0,0,0,0,0,0,0,0,0,0,0,0,0,0,0,0,0,0,0,0,0,0,0,0,0,0,0,0,0,0,0,0,0,0,0,0,0,0,0,0,0,0,0,0,0,0,0,0,0,0,0,0,0,0,0,1,1,1,1,1,1,2,3,3,3,3,3,3,3,3,3,3,3,3,3,3,3,3,3,3,3,3,3,3,3,3,3,3,3,3,3,3,3,4,4,4,4,4,4,5,5,5,5,5,5,5,5,5,5,5,5,5,5,5,5,5,5,5,5,5,5,5,5,5,5,5,5,5,5,5,5,5,5,5,5,7,7,7,7,7,7,7,7,7,7,7,7,7,7,7,7
PERIFERICA,3,11,Tangani,0,0,0,0,0,0,0,0,0,0,0,0,0,0,0,0,0,0,0,0,0,0,0,0,0,0,0,0,0,0,0,0,0,0,0,0,0,0,0,0,0,0,0,0,0,0,0,0,0,0,0,0,1,1,2,3,3,3,3,3,3,3,3,3,3,3,3,3,3,3,3,3,3,3,3,3,3,3,3,3,3,3,3,3,3,3,3,3,3,3,3,3,3,3,3,3,3,3,3,3,3,3,3,3,3,3,3,3,3,3,3,3,3,3,3,3,3,3,3,3,3,3,3,3,3,3,3,3,3,3,3,3,3,3,3,3,3,3,3,3,3,3,3,3,3,3,3,3,3,3,3,3,3,3,3,3
PERIFERICA,3,11,Villa 18 de Mayo,0,0,0,0,0,0,0,0,0,0,0,0,0,0,0,0,0,0,0,0,0,1,1,1,1,1,1,1,1,1,1,1,1,1,1,1,1,1,1,1,1,2,2,2,2,2,2,2,2,2,4,4,7,9,10,11,12,12,14,15,17,18,19,19,20,21,22,24,24,27,27,28,29,29,28,28,28,28,30,30,30,30,31,31,31,31,31,31,31,31,30,30,30,30,30,30,30,30,30,31,31,32,32,32,32,32,32,32,32,33,33,34,34,35,35,35,35,35,36,36,36,36,36,37,37,38,38,38,38,39,39,39,39,39,39,39,39,39,39,39,39,39,39,39,39,39,39,39,39,39,39,39,39,39,39,39
PERIFERICA,3,11,Villa de la Cruz,2,2,2,2,2,2,2,2,2,2,2,2,2,2,2,2,2,2,2,3,3,3,3,3,3,5,5,5,5,5,5,5,5,5,5,5,5,5,5,5,5,7,7,7,9,9,9,10,10,13,23,24,29,34,34,37,37,37,42,54,54,58,60,66,72,78,84,88,90,93,96,96,95,95,95,95,95,95,97,98,98,98,103,103,106,106,106,106,106,106,104,104,106,111,111,111,111,112,113,116,116,116,116,117,117,117,118,120,120,122,123,124,127,129,129,129,129,129,131,131,131,132,134,135,135,136,138,139,140,140,140,141,141,141,141,141,141,141,141,141,141,141,141,142,142,142,142,143,143,143,143,143,143,143,145,145
PERIFERICA,3,11,Vino Tinto,1,1,1,1,1,1,1,1,1,1,1,1,1,1,2,2,2,2,5,5,5,6,6,6,6,10,10,10,10,10,10,10,10,10,10,10,10,10,11,11,11,14,14,15,19,20,23,24,25,42,50,52,65,78,88,91,97,97,122,148,166,174,181,191,206,218,231,234,235,249,257,257,260,261,261,261,263,263,265,264,265,265,276,277,281,282,282,286,289,293,294,295,301,302,310,312,312,314,321,319,322,323,323,325,329,332,335,336,341,342,343,344,350,357,357,359,361,361,363,365,367,367,369,371,374,375,377,380,380,383,384,384,386,386,386,386,386,386,386,386,386,386,387,387,387,388,388,388,390,390,390,392,393,393,394,394
PERIFERICA,3,11,Kamirpata,0,0,0,0,0,0,0,0,0,0,0,0,0,0,0,0,0,0,0,0,0,0,0,0,0,0,0,0,0,0,0,0,0,0,0,0,0,0,0,0,0,0,0,0,0,0,0,0,0,0,2,2,2,3,3,3,3,3,4,4,4,4,4,4,4,4,4,4,4,4,4,4,4,4,4,4,4,4,4,4,4,4,4,4,4,4,4,4,4,4,4,4,4,4,4,4,4,4,4,4,4,4,4,4,4,4,4,4,4,4,4,4,5,5,5,5,5,5,5,5,5,5,5,5,5,5,5,5,5,5,5,5,5,5,5,5,5,5,5,5,5,5,5,6,6,6,6,6,6,6,6,6,6,6,6,6
PERIFERICA,3,11,Zona Norte,3,3,4,4,4,4,4,4,4,4,5,5,5,5,5,5,6,6,6,6,6,6,6,6,5,6,6,6,6,6,6,6,6,6,6,6,6,6,9,9,9,9,10,10,12,13,15,17,18,22,32,32,40,47,52,56,58,59,70,99,113,121,133,143,154,158,170,174,175,188,191,191,192,193,194,195,195,196,197,197,201,201,202,205,208,208,208,210,210,211,212,213,217,217,218,218,219,219,219,218,220,220,221,223,226,227,228,228,228,235,237,238,242,247,247,248,248,249,252,258,258,258,260,262,263,263,263,267,270,272,272,273,273,274,274,274,274,274,276,276,277,277,277,277,277,277,278,278,280,280,280,281,282,283,285,286
PERIFERICA,3,11,Villa Pabón,0,0,0,0,0,0,0,0,0,0,0,0,0,0,0,0,0,0,1,1,1,1,1,1,1,1,1,1,1,1,1,1,1,1,1,1,1,1,1,1,1,1,2,2,4,4,5,5,5,9,16,16,20,26,28,31,31,31,33,44,54,62,65,71,76,82,83,85,85,92,93,93,94,94,94,95,96,96,98,99,99,100,104,105,108,110,110,109,109,109,109,109,109,110,112,112,113,113,113,112,113,113,114,115,115,116,117,117,117,117,117,117,118,120,120,120,121,121,122,128,128,128,129,131,132,134,134,136,136,137,137,137,137,137,138,138,138,138,137,138,138,138,138,139,140,140,140,140,142,142,142,143,143,143,143,143
PERIFERICA,3,11,Challapampa,3,3,3,3,3,3,3,3,3,3,3,3,3,3,3,3,4,4,5,8,8,8,8,8,10,10,10,10,13,13,14,14,14,14,15,16,16,16,16,16,17,20,20,20,20,22,24,25,25,33,36,36,39,49,52,57,60,61,65,83,87,89,97,100,110,119,121,125,125,127,127,127,127,127,128,128,129,128,128,129,133,134,139,140,141,142,143,146,146,147,146,146,149,150,151,151,152,153,153,153,155,155,155,156,157,157,157,157,157,157,157,158,161,165,166,167,168,168,168,169,169,171,171,174,174,175,176,177,178,178,178,179,180,180,180,180,180,180,180,180,181,181,182,181,181,182,182,182,182,182,182,185,186,187,187,187
PERIFERICA,3,11,Las Nieves,1,1,1,1,1,1,1,1,1,1,1,1,1,1,1,1,1,1,1,1,1,1,1,1,1,1,1,1,1,1,1,1,1,1,1,1,1,1,1,1,1,1,1,1,1,1,1,1,1,1,2,2,2,3,3,4,4,4,5,5,6,7,7,8,8,9,9,9,9,9,9,9,9,9,10,10,10,10,10,10,10,10,10,10,10,10,10,10,11,11,12,12,12,12,12,12,12,12,12,12,12,12,12,12,12,12,12,12,12,12,12,12,12,12,12,12,12,12,12,12,12,12,12,12,12,12,12,13,13,13,13,13,13,13,13,13,13,13,13,13,13,13,13,13,13,13,13,13,13,13,13,13,13,13,13,13
PERIFERICA,3,11,Alto Vino Tinto,0,0,0,0,0,0,1,1,1,1,1,1,1,1,1,1,1,1,1,1,1,1,1,1,2,2,2,2,2,2,2,2,2,2,2,2,2,2,2,2,2,2,2,2,2,2,2,2,3,3,3,3,4,4,4,6,7,7,8,9,11,12,13,13,14,15,17,21,21,24,25,25,25,25,26,26,26,26,27,29,29,29,29,29,29,29,29,29,29,29,29,29,29,29,29,29,29,29,29,29,29,29,29,29,29,29,29,29,29,29,29,29,31,31,31,31,31,31,31,31,31,31,31,31,31,31,31,31,31,31,31,31,31,31,31,31,31,31,31,31,31,31,31,31,31,31,31,31,31,31,31,31,31,31,31,31
PERIFERICA,3,11,Agua de la Vida,2,2,2,2,2,2,2,2,2,2,2,2,2,2,2,2,2,3,3,3,3,3,3,3,3,3,3,3,4,4,4,4,4,4,4,4,4,4,5,5,5,5,5,5,5,5,5,5,6,13,16,16,20,27,31,32,36,36,40,47,49,61,67,70,74,77,82,83,83,90,90,90,91,91,91,91,93,93,95,96,97,97,99,99,99,99,100,101,102,103,102,102,102,103,103,103,103,103,103,104,105,105,107,107,107,108,108,108,108,108,108,110,111,114,115,116,116,116,116,120,120,121,121,121,122,123,123,126,128,130,131,131,131,131,131,131,131,131,131,131,131,132,133,133,133,133,133,133,133,133,133,135,136,136,137,137
PERIFERICA,3,11,Achachicala,3,3,3,3,3,3,3,3,3,3,4,4,4,4,4,4,5,5,7,7,7,7,7,7,7,7,7,7,9,9,9,9,10,10,14,14,13,13,13,13,13,13,14,14,18,18,18,24,24,36,50,51,54,66,75,79,83,83,92,126,140,153,170,191,212,225,241,248,250,267,271,271,272,274,275,275,276,276,280,281,281,281,289,290,292,293,293,293,295,297,299,301,303,304,310,310,310,311,314,318,323,324,327,329,331,332,333,335,336,337,338,341,344,347,350,353,353,353,356,359,363,365,367,371,372,374,377,377,379,381,381,382,383,383,383,383,383,383,384,384,384,385,387,389,391,393,394,394,394,394,394,402,406,406,408,408
PERIFERICA,3,12,Santa Rosa de Tiji,1,1,1,1,1,1,1,1,1,1,1,1,1,1,1,1,1,1,1,1,1,1,1,1,1,1,1,1,1,1,1,1,1,1,1,1,1,1,1,1,1,1,3,3,3,3,3,3,4,4,4,4,5,6,6,6,6,6,7,11,11,12,12,13,13,15,15,15,15,17,17,17,17,17,17,17,17,17,17,18,18,18,18,18,18,18,19,19,19,19,19,19,19,19,19,19,19,19,19,19,19,19,19,19,19,20,20,20,20,20,20,20,20,21,21,21,21,21,21,21,21,21,21,21,21,21,21,21,21,21,21,21,21,21,21,21,21,21,21,21,21,21,21,21,21,21,21,21,21,21,21,21,21,21,21,21
PERIFERICA,3,12,San Juan Lazareto,0,0,0,0,0,0,0,0,0,0,1,1,1,1,1,1,1,1,1,1,1,1,1,1,1,1,1,1,1,1,1,1,1,1,2,2,1,1,1,1,1,1,1,2,6,6,6,7,7,11,14,15,24,25,29,29,29,29,32,42,45,49,57,62,65,65,68,70,70,73,76,76,74,74,74,74,74,74,75,75,75,75,75,76,78,78,78,78,78,78,78,78,78,78,79,79,79,79,79,79,82,82,82,83,83,83,83,83,83,83,84,85,86,87,87,87,87,87,88,88,88,88,89,89,90,90,92,93,93,93,93,93,94,94,94,94,94,94,94,94,94,94,94,94,94,94,94,94,94,94,94,94,94,94,95,95
PERIFERICA,3,12,San Juan,0,0,0,0,0,0,0,0,0,0,0,0,0,0,0,0,0,0,0,0,0,0,0,0,0,0,0,0,0,0,0,0,0,0,0,0,0,0,1,1,1,1,1,1,2,2,2,2,2,5,8,8,8,14,15,18,20,20,22,29,33,35,40,46,50,52,56,58,58,64,64,64,64,64,64,64,64,64,65,65,65,65,67,67,68,68,68,68,69,69,69,69,70,71,71,71,71,71,71,71,72,73,73,74,75,75,75,75,75,75,75,76,76,78,79,79,81,81,81,82,82,82,82,82,82,83,83,85,85,85,85,85,85,85,85,85,85,85,85,85,85,85,85,85,85,85,85,85,85,85,85,85,86,86,87,87
PERIFERICA,3,12,Rosasani,0,0,0,0,0,0,0,0,0,0,0,0,0,0,0,0,0,0,0,0,0,0,0,0,0,0,0,0,0,0,0,0,0,0,0,1,1,1,1,1,1,1,1,1,2,2,2,2,2,2,3,3,4,7,8,8,8,8,10,14,14,14,16,16,18,18,20,20,20,22,23,23,23,23,23,24,24,24,25,25,25,25,27,27,27,27,27,27,27,27,27,27,27,27,27,27,27,27,27,27,27,27,27,27,27,27,27,27,27,27,27,28,28,30,30,30,30,30,30,31,31,31,31,31,31,31,32,32,32,32,32,32,32,32,32,32,32,32,32,32,33,33,33,33,34,34,34,34,34,34,34,34,34,34,34,34
PERIFERICA,3,12,Poqueni,0,0,0,0,0,0,0,0,0,0,0,0,0,0,0,0,0,1,1,1,1,1,1,1,1,1,1,1,2,2,2,2,3,3,3,3,3,3,3,3,3,3,3,3,3,3,4,4,4,4,8,8,9,11,14,15,15,15,15,18,20,21,23,24,24,28,30,31,31,33,34,34,34,34,34,34,34,34,35,35,35,35,36,36,36,36,37,37,37,37,37,37,37,37,37,37,37,37,37,37,38,38,38,38,38,37,38,38,39,39,42,44,44,44,44,44,44,45,45,45,47,47,47,49,50,50,50,50,51,51,51,51,51,51,51,51,51,51,51,51,52,52,52,52,52,52,52,52,53,53,53,53,53,53,53,53
PERIFERICA,3,12,Agua de la Vida Norte,1,1,1,1,1,1,1,1,1,1,1,1,1,1,1,1,1,1,1,1,1,1,1,1,1,1,1,1,1,1,1,1,1,1,1,1,1,1,2,2,2,2,2,2,2,2,2,2,2,2,4,4,4,4,6,6,6,6,6,8,9,9,11,11,11,11,11,11,11,13,13,15,16,16,16,16,16,16,16,16,16,16,16,16,16,16,16,16,16,16,15,15,15,15,15,15,15,15,15,16,16,16,16,16,16,16,17,17,17,17,17,17,17,18,18,18,18,18,18,18,18,18,18,18,18,19,22,22,22,22,22,22,22,22,22,22,22,22,22,22,22,22,22,22,22,22,22,22,23,23,23,23,23,23,24,24
PERIFERICA,3,12,Miraflores Alto,4,4,4,5,5,5,5,5,5,5,5,6,6,5,5,5,6,6,6,6,6,6,6,6,7,8,8,8,8,8,8,8,8,8,8,8,8,8,10,10,10,11,11,13,14,14,14,14,14,22,29,29,35,43,48,57,58,58,65,91,106,115,122,130,140,149,157,165,166,174,174,174,174,174,174,174,174,174,175,175,183,183,190,192,192,192,199,199,199,200,201,201,201,201,203,203,203,204,204,203,204,205,206,207,207,208,208,210,210,213,214,216,218,226,227,227,227,228,229,232,233,236,236,239,241,241,245,245,245,245,245,245,245,245,245,245,246,246,246,246,247,249,249,249,249,249,250,250,250,250,250,250,252,252,256,256
PERIFERICA,3,12,Las Delicias,2,2,2,2,2,2,2,2,2,2,2,2,2,2,2,2,2,2,2,2,2,2,2,2,3,3,3,3,4,4,4,4,5,5,5,5,5,5,5,5,5,6,6,6,11,11,12,13,13,17,25,25,32,32,36,37,37,37,37,50,55,57,63,66,71,74,80,83,83,91,93,93,93,94,94,94,95,95,95,96,96,96,100,101,102,102,104,105,106,108,107,107,107,108,108,108,108,109,109,110,110,110,110,110,110,110,110,110,112,113,113,114,114,114,114,114,114,114,115,115,116,116,116,116,116,116,117,117,118,118,118,118,119,119,119,119,119,119,119,120,120,120,120,121,121,122,122,122,123,123,123,125,125,125,125,125
PERIFERICA,3,12,Alto Las Delicias,0,0,0,0,0,0,0,0,0,0,0,0,0,0,0,0,0,0,0,0,0,0,0,0,0,0,0,0,0,0,0,0,0,0,0,0,0,0,0,0,0,1,1,1,1,1,2,2,2,6,7,7,9,10,10,11,12,12,13,15,17,17,18,17,21,21,23,26,26,27,28,28,28,28,30,31,31,31,32,32,32,32,32,33,33,33,33,35,35,36,36,36,36,36,36,36,36,36,36,36,37,38,38,39,39,39,40,40,40,40,40,40,40,40,40,40,40,40,40,40,40,41,42,42,42,42,42,42,43,43,43,43,43,43,43,43,43,43,43,43,43,43,43,43,44,44,44,44,44,44,44,44,44,44,44,44
PERIFERICA,3,12,Cupilupaca,1,1,1,1,1,1,1,1,1,1,1,1,1,1,1,1,1,1,1,1,1,1,1,1,1,1,1,1,1,1,1,1,1,1,1,1,1,1,1,1,1,1,1,1,1,1,1,1,1,3,4,4,4,5,5,5,5,5,6,6,6,6,6,6,6,6,10,10,10,10,10,10,10,10,10,10,10,10,10,10,10,10,10,10,10,10,10,10,10,10,10,10,10,10,10,10,10,10,10,10,10,10,10,10,10,10,10,10,10,10,10,10,10,10,10,10,10,10,10,10,10,10,10,10,10,10,10,10,10,10,10,10,10,10,10,10,10,10,10,10,10,10,10,10,10,10,10,10,10,10,10,10,10,10,10,10
PERIFERICA,3,12,27 de Mayo,1,1,1,1,1,2,2,2,2,2,2,2,2,2,2,2,2,2,2,2,2,2,2,2,2,2,2,2,2,2,2,2,2,2,2,2,2,2,2,2,2,2,2,2,2,2,2,2,2,3,5,5,7,7,8,8,9,9,11,14,14,14,16,16,16,16,20,20,20,21,21,21,21,21,21,21,21,21,21,21,21,21,21,21,21,22,22,22,22,22,22,23,23,23,23,24,24,24,24,24,24,24,24,24,25,25,25,25,25,25,25,25,26,26,26,28,28,28,28,28,28,29,29,29,29,30,30,31,31,31,31,31,31,31,31,31,31,31,31,31,31,31,31,31,31,31,31,31,31,31,31,31,31,32,32,32
PERIFERICA,3,12,Santa Rosa,0,0,0,0,0,0,0,0,0,0,0,0,0,0,0,0,0,0,1,1,1,1,1,1,1,1,1,1,1,1,1,1,1,1,1,1,1,1,2,2,2,2,2,2,2,2,3,3,3,6,12,12,13,15,17,18,18,18,19,22,23,30,30,32,33,34,35,36,36,38,38,38,40,40,39,39,39,39,40,40,40,40,41,41,41,41,41,42,43,44,44,44,44,44,44,44,44,45,45,44,44,44,44,45,45,46,46,47,47,47,47,47,47,47,47,47,48,48,49,49,49,50,51,52,52,52,52,52,52,52,52,52,52,52,52,52,52,52,52,52,52,52,52,52,52,52,52,52,52,52,52,52,52,52,52,52
PERIFERICA,3,12,Santiago de Lacaya,0,0,0,0,0,0,0,0,0,0,0,0,0,0,0,0,0,0,0,0,0,0,0,0,0,0,0,0,0,0,0,0,0,0,0,0,0,0,0,0,0,0,0,0,0,0,0,0,0,0,0,0,1,2,2,2,2,2,2,3,3,3,3,3,3,3,3,3,3,5,5,5,5,5,5,5,5,5,5,5,5,5,5,5,5,5,5,5,5,5,5,5,5,5,5,5,5,5,5,5,5,5,5,5,5,5,5,5,5,5,5,5,5,5,5,5,5,5,5,5,5,5,5,5,5,6,7,7,8,8,8,8,8,8,8,8,8,8,8,8,8,8,8,8,8,8,8,8,8,8,8,8,9,9,9,9
PERIFERICA,3,13,Urkupiña,0,0,0,0,0,0,0,0,0,0,0,0,0,0,0,0,0,0,0,0,0,0,0,0,0,0,0,0,0,0,0,0,0,0,0,0,0,0,0,0,0,0,0,0,0,0,0,0,0,0,1,1,1,2,2,2,2,2,2,4,5,7,7,8,8,8,9,9,9,9,9,9,9,9,9,10,10,10,10,10,11,11,11,11,11,11,11,11,11,11,11,11,11,11,11,11,11,11,11,11,11,11,11,11,11,11,11,11,12,12,12,12,12,12,12,12,12,12,12,12,12,12,12,12,12,12,12,12,12,12,12,12,12,12,12,12,12,12,12,12,12,12,12,11,11,11,11,11,11,11,11,11,11,11,11,11
PERIFERICA,3,13,Villa El Carmen,1,1,1,1,1,1,1,1,1,1,1,2,2,2,2,2,4,4,5,5,5,5,5,5,5,7,7,7,7,7,7,7,7,7,7,8,8,8,12,12,12,12,13,14,18,18,19,20,22,35,43,44,55,61,68,78,80,80,86,107,121,128,131,134,140,146,161,167,167,171,184,184,181,182,183,183,183,183,185,185,188,188,189,189,189,189,192,193,196,197,198,198,200,200,201,201,201,204,207,208,212,213,213,215,220,220,221,223,225,227,227,228,231,231,232,233,234,235,236,238,238,240,240,242,243,244,249,250,251,251,251,251,251,252,252,252,252,252,252,253,254,256,256,253,253,254,256,256,257,257,257,258,259,259,260,260
PERIFERICA,3,13,Villa Fátima,8,8,8,8,8,8,8,8,8,8,10,12,12,12,14,14,14,14,15,15,15,15,15,16,16,16,17,17,19,19,20,20,20,20,20,20,20,20,24,26,26,29,28,28,32,33,36,39,40,56,77,77,91,112,124,139,140,140,149,187,204,219,231,249,254,266,279,285,285,300,306,306,309,311,310,311,311,311,312,323,326,327,336,341,341,342,344,348,352,353,353,354,357,360,364,364,364,365,365,365,370,371,371,374,374,374,374,375,375,376,379,379,386,393,396,397,401,404,407,411,412,413,414,416,417,418,419,419,419,422,422,422,422,422,422,422,422,422,422,422,422,422,424,425,429,431,432,432,432,432,432,434,437,440,443,443
PERIFERICA,3,13,3 de Mayo,0,0,0,0,0,0,0,0,0,0,0,0,0,0,0,0,0,0,0,0,0,0,0,0,0,1,1,1,1,1,1,1,1,1,1,1,1,1,3,3,3,3,3,3,4,4,4,4,4,7,7,7,7,7,8,9,9,9,10,14,15,16,19,19,19,19,19,21,21,22,22,22,22,22,22,22,22,22,23,23,23,23,23,23,23,23,24,24,24,25,25,25,25,25,25,25,25,25,25,25,25,25,25,25,25,25,25,25,25,25,25,25,25,25,25,25,25,25,25,25,25,25,25,26,26,27,27,27,28,28,28,29,29,29,29,29,29,29,29,29,29,29,29,29,29,29,29,30,30,30,30,30,30,30,30,30
PERIFERICA,3,13,Barrio Gráfico,1,1,1,1,1,1,1,1,1,1,1,1,1,1,1,1,1,1,1,1,1,1,1,1,2,3,3,3,3,3,3,3,4,4,4,4,4,4,4,5,5,5,5,5,5,5,6,6,6,12,16,17,23,25,26,29,33,33,37,42,45,50,52,58,67,74,78,79,79,80,82,82,82,82,83,82,82,82,82,84,85,86,91,91,91,91,92,92,92,92,92,93,94,94,95,95,95,95,95,94,95,95,97,98,98,98,100,100,100,103,103,103,105,108,108,108,108,109,109,110,111,111,112,112,113,114,115,117,118,118,118,118,118,118,118,118,118,118,119,119,119,119,119,119,119,119,119,119,119,119,119,119,120,121,121,121
PERIFERICA,3,13,Barrio Petrolero,0,0,0,0,0,0,0,0,0,0,0,0,0,0,0,0,0,0,0,0,0,0,0,1,1,1,1,1,1,1,1,1,1,1,1,1,1,1,1,1,1,1,1,1,1,1,1,1,1,1,2,2,2,2,2,4,4,4,5,7,7,7,7,8,8,8,9,9,9,10,10,10,10,10,10,10,10,10,10,9,9,9,9,9,9,9,9,9,9,9,9,9,9,9,9,9,9,9,9,9,9,9,9,10,11,11,11,11,11,11,11,11,11,11,11,12,12,12,12,12,12,12,12,13,13,13,13,13,13,13,13,13,13,13,13,13,13,13,13,13,13,13,13,13,13,13,13,13,13,13,13,13,13,13,13,13
PERIFERICA,3,13,Alto La Merced,0,0,0,0,0,0,0,0,0,0,0,0,0,0,0,0,0,0,0,0,0,0,0,0,0,0,0,0,0,0,0,0,0,0,0,0,0,0,0,0,0,0,0,0,0,0,0,0,0,3,3,3,4,5,5,5,5,5,8,9,9,10,10,10,11,11,11,11,11,13,13,13,13,13,13,13,13,13,13,13,13,13,13,13,13,13,13,13,13,14,14,14,16,16,16,16,16,16,16,16,16,16,16,16,16,16,16,16,16,16,16,16,17,17,17,17,17,17,17,22,22,22,22,22,22,22,22,22,22,22,22,22,22,22,22,22,22,22,22,22,22,22,22,22,22,22,22,22,22,22,22,22,22,22,22,22
PERIFERICA,3,13,La Mercéd,2,2,2,2,2,2,2,2,2,2,2,2,2,2,2,2,2,2,4,4,4,5,5,5,4,4,4,4,4,4,4,4,5,5,5,5,5,5,5,5,5,6,6,8,9,9,9,9,9,14,22,24,28,32,35,42,42,42,43,57,63,69,73,84,87,89,99,103,103,110,111,111,114,114,113,112,112,112,112,112,113,113,118,119,119,119,121,121,121,121,123,123,126,126,126,127,128,128,128,128,129,130,130,130,131,132,132,133,135,135,135,135,137,138,138,139,140,141,141,141,142,142,142,143,144,144,144,144,145,148,148,148,148,148,148,148,148,148,148,148,148,148,148,147,147,147,147,148,148,148,148,148,148,149,149,149
PERIFERICA,3,13,Kochapampa,0,0,0,0,0,0,0,0,0,0,0,0,0,0,0,0,0,0,0,0,0,0,0,0,0,0,0,0,0,0,0,0,0,0,0,0,0,0,0,0,0,0,0,0,0,0,0,0,0,1,1,1,2,2,2,3,4,4,4,5,5,5,5,6,6,6,6,6,7,7,7,7,7,7,7,7,7,7,7,7,7,7,7,7,7,7,7,7,7,7,7,7,7,7,7,7,7,7,7,7,7,7,7,7,7,7,7,7,7,7,8,8,8,8,8,8,8,8,8,8,8,8,8,8,8,8,8,8,8,8,8,8,8,8,8,8,8,8,8,8,8,8,8,8,8,8,8,8,8,8,8,8,8,8,8,8
PERIFERICA,3,13,Kalajahuira,3,3,3,3,3,3,3,3,3,3,3,3,3,3,3,3,3,3,3,3,3,3,3,3,3,3,3,3,3,3,3,3,3,3,3,3,3,3,3,3,3,3,3,3,3,4,4,4,4,7,7,7,7,7,7,7,7,7,9,10,11,11,11,11,11,12,12,14,14,15,15,15,15,15,15,15,15,15,15,15,15,15,15,15,15,15,15,15,16,18,18,18,18,18,18,18,18,18,18,17,17,17,17,17,17,17,17,17,17,19,19,19,19,19,19,19,19,19,19,20,20,21,21,21,21,21,21,21,21,21,21,21,21,21,21,21,21,21,21,21,21,21,21,21,21,21,21,21,21,21,21,21,21,21,21,21
PERIFERICA,3,13,Huaychani,0,0,0,0,0,0,0,0,0,0,0,0,0,0,0,0,0,0,0,0,0,0,0,0,0,0,0,0,0,0,0,0,0,0,0,0,0,0,0,0,0,0,0,0,0,0,0,0,0,0,0,0,3,4,4,5,5,5,6,8,8,8,8,8,8,8,9,9,9,9,9,9,9,9,9,9,9,9,9,9,9,11,11,11,11,11,11,11,11,11,11,11,11,13,13,13,13,13,13,13,13,13,13,13,13,13,13,13,13,14,14,14,14,14,14,14,14,14,14,16,16,16,16,16,16,16,16,16,16,16,16,16,16,16,16,16,16,16,16,16,16,16,16,16,16,16,16,16,16,16,16,16,16,16,16,16
PERIFERICA,3,13,Condorini,1,1,1,1,1,1,1,1,1,1,1,1,1,1,1,1,1,1,1,1,1,1,1,1,1,1,1,1,1,1,1,1,1,1,1,1,1,1,1,1,1,1,1,1,1,1,1,1,1,1,5,5,5,7,7,7,7,7,6,7,7,7,7,9,9,9,9,10,10,10,10,10,10,10,10,10,10,10,10,10,10,10,10,10,10,10,10,10,10,10,10,10,10,11,11,11,11,11,11,11,11,11,11,11,11,11,11,11,11,11,11,11,11,11,11,11,11,11,11,11,11,11,11,11,11,11,11,11,11,11,11,11,11,11,11,11,11,11,11,11,11,11,11,11,11,12,12,12,12,12,12,12,12,12,12,12
PERIFERICA,3,13,Chuquiaguillo,0,0,0,0,0,0,0,0,0,0,1,1,1,1,1,1,1,2,2,2,2,2,2,2,2,2,2,2,2,2,2,2,2,2,2,2,2,2,3,3,3,3,3,4,4,4,4,4,4,7,12,13,16,17,17,19,20,20,22,36,36,36,37,37,42,44,51,52,52,57,57,57,58,58,57,57,57,57,59,59,59,61,62,62,63,63,65,66,66,67,67,67,67,67,69,69,70,70,70,69,69,69,69,69,69,69,69,70,70,70,70,73,73,73,74,74,74,75,75,75,75,75,75,75,76,76,77,77,77,78,78,78,78,79,79,79,79,79,79,79,79,79,79,79,79,79,80,80,80,80,80,80,80,80,80,80
SAN ANTONIO,4,14,Pacasa,0,0,0,0,0,0,0,0,0,0,0,0,0,0,0,0,0,0,0,0,0,0,0,0,0,0,0,0,0,0,0,0,0,0,0,0,0,0,1,1,1,1,1,1,1,2,2,2,2,9,9,10,11,11,11,11,11,11,11,12,18,22,24,24,27,30,32,32,32,34,34,34,34,35,35,35,35,35,35,35,35,35,35,36,36,36,36,36,36,36,36,36,37,37,37,37,37,37,37,37,37,37,37,37,37,37,37,37,37,37,38,40,41,43,43,43,43,43,44,44,45,45,45,46,46,46,46,46,46,47,47,47,47,47,47,47,47,47,48,48,48,48,48,48,48,48,48,48,48,48,48,49,49,49,49,49
SAN ANTONIO,4,14,Valle Hermoso,2,2,2,2,2,2,2,2,2,2,2,2,2,4,4,4,5,5,5,5,5,5,5,5,5,5,5,5,6,6,6,6,6,6,7,7,7,7,8,8,8,8,8,8,10,10,10,10,10,14,21,22,25,25,27,29,29,29,36,41,43,43,45,49,55,57,62,64,65,68,68,68,68,68,68,68,68,67,67,67,67,67,70,70,70,70,70,71,71,72,72,72,74,74,74,76,77,77,77,77,77,77,78,79,79,80,80,80,80,80,82,83,84,85,85,86,88,89,90,90,90,90,90,92,92,92,92,92,93,93,94,94,94,94,94,94,94,94,94,94,94,94,94,94,94,94,94,94,94,94,94,94,94,94,95,95
SAN ANTONIO,4,14,24 de Junio,0,0,0,0,0,0,0,0,0,0,0,0,0,0,0,0,0,0,0,0,0,0,0,0,0,0,0,0,0,0,0,0,0,0,0,0,0,0,0,0,0,0,0,0,0,0,0,0,0,1,1,1,1,1,2,3,3,3,3,4,4,4,4,4,4,4,4,4,4,4,4,4,4,4,4,4,4,4,4,4,4,4,5,6,6,6,7,7,7,7,7,7,7,7,7,7,7,7,8,8,8,8,8,8,8,8,8,8,8,8,8,8,8,8,8,8,8,8,8,8,8,9,9,9,9,9,9,9,9,9,9,9,9,9,9,9,9,9,9,9,9,9,9,9,9,9,9,9,9,9,9,9,9,9,9,9
SAN ANTONIO,4,14,Villa Copacabana,4,4,4,4,4,5,5,5,5,5,6,6,6,6,6,7,9,11,11,13,13,13,13,14,15,15,15,15,17,17,17,17,17,17,18,18,18,18,24,24,24,27,29,31,36,37,41,42,44,74,102,109,133,151,172,179,183,183,195,243,291,307,331,347,368,384,408,422,422,440,449,449,450,452,454,455,458,458,464,469,470,472,489,495,499,500,500,508,514,516,516,516,519,521,527,528,531,537,538,541,544,544,546,547,555,557,559,558,562,564,566,569,578,583,585,589,595,597,602,608,610,615,618,627,628,631,633,637,637,638,638,638,638,638,638,638,638,638,639,640,641,642,642,643,644,644,645,646,649,649,649,654,657,661,662,663
SAN ANTONIO,4,14,San Simón,0,0,0,0,0,0,0,0,0,0,0,0,0,0,0,0,0,0,0,0,0,0,0,0,0,0,0,0,0,0,0,0,0,0,0,0,0,0,0,0,0,0,0,0,0,0,1,2,2,2,2,2,2,2,2,2,2,2,2,3,4,4,4,4,4,4,4,5,5,5,5,5,5,5,5,5,5,5,5,5,5,5,5,5,5,5,5,5,5,5,5,5,5,5,5,5,5,5,5,5,5,5,5,5,5,5,5,5,5,6,6,6,6,6,6,6,6,6,6,7,7,7,7,8,8,8,8,8,8,8,8,8,8,8,8,8,8,8,8,8,8,8,8,8,8,8,8,8,9,9,9,11,11,11,11,11
SAN ANTONIO,4,15,Escobar Uría,7,7,7,7,7,7,7,7,7,7,7,7,7,7,7,7,7,7,7,7,7,7,7,7,7,7,7,7,7,7,7,7,7,7,7,7,7,7,7,7,7,8,8,9,9,9,11,12,13,15,17,17,17,19,19,20,20,20,27,27,30,32,35,37,38,40,45,45,45,48,48,48,48,48,48,48,48,48,48,48,49,49,50,50,51,51,51,52,52,52,52,52,53,53,53,53,53,53,53,53,53,53,53,53,53,54,54,54,54,54,54,54,54,56,56,56,56,57,57,57,57,58,58,59,59,59,60,60,60,60,60,60,60,60,62,62,62,62,62,62,62,62,62,62,63,64,64,64,64,64,64,64,64,64,64,64
SAN ANTONIO,4,15,San Antonio,5,5,6,7,7,8,8,8,8,8,8,8,8,10,11,11,11,12,12,12,12,13,13,13,16,17,17,17,17,17,18,18,20,20,19,19,19,19,22,22,23,26,26,29,34,37,42,46,47,82,118,127,156,185,211,221,223,223,245,304,339,372,410,431,461,488,516,535,535,573,582,582,584,590,592,593,595,594,608,613,614,615,630,639,642,644,648,647,649,652,654,656,661,664,668,671,674,678,682,687,696,696,699,706,710,712,714,720,720,729,735,741,756,763,764,766,770,772,774,779,785,789,790,799,806,807,813,819,820,823,823,825,826,827,827,827,827,827,828,828,831,831,832,834,834,835,835,837,840,840,840,843,850,854,857,861
SAN ANTONIO,4,16,Ciudad del Niño,0,0,0,0,0,0,0,0,0,0,0,0,0,0,0,0,0,0,0,0,0,0,0,0,0,0,0,0,0,0,0,0,0,0,0,0,0,0,0,0,0,0,0,0,0,0,0,0,0,0,0,0,0,0,0,0,0,0,0,0,0,0,0,0,0,0,0,0,0,0,0,0,0,0,0,0,0,0,0,0,0,0,0,0,0,0,0,0,0,0,0,0,0,0,0,0,0,0,0,0,0,0,0,0,0,0,0,0,1,1,2,2,2,2,2,2,2,2,2,2,2,2,2,2,2,2,2,2,2,2,2,2,2,2,2,2,2,2,2,2,2,2,2,2,2,2,2,2,2,2,2,2,2,2,2,2
SAN ANTONIO,4,16,Valle de las Flores,0,0,0,0,0,0,0,0,0,0,0,0,0,1,1,1,1,1,1,1,1,1,1,1,1,1,1,1,1,1,1,1,1,1,1,1,1,1,1,1,1,1,1,1,1,1,1,1,1,3,4,4,5,5,6,6,6,6,6,7,9,9,9,9,10,11,12,12,12,14,14,14,15,15,15,15,15,15,17,17,18,20,20,20,20,20,20,22,22,22,22,22,22,22,22,22,22,22,22,22,22,22,22,22,22,22,22,22,22,22,22,22,22,22,22,22,22,22,22,23,23,23,23,23,25,25,25,25,25,25,25,25,25,25,25,25,25,25,25,25,25,25,26,26,26,26,26,26,26,26,26,26,26,26,26,26
SAN ANTONIO,4,16,Villa Salomé,1,1,1,1,1,1,1,1,1,1,1,2,2,2,2,2,2,2,2,2,2,2,2,2,2,2,2,2,2,2,2,2,2,2,2,2,2,2,2,2,2,3,3,3,5,5,5,6,7,15,29,30,38,51,56,62,63,63,69,87,96,100,107,108,113,117,136,139,141,147,150,151,153,153,153,153,154,153,154,155,156,156,159,161,161,161,161,162,163,163,163,166,168,168,168,168,169,171,172,172,173,174,175,175,176,176,178,178,178,179,181,182,183,185,185,186,186,187,188,189,191,191,192,193,193,193,195,195,196,196,196,196,197,198,198,198,198,198,200,200,201,201,201,201,201,202,202,202,204,204,204,205,205,206,206,207
SAN ANTONIO,4,16,Pampahasi,2,2,2,2,2,2,2,2,2,2,2,3,3,3,3,3,4,7,8,9,9,9,9,9,9,10,10,10,10,10,11,11,13,13,13,13,13,13,18,19,19,23,24,26,32,33,36,37,41,58,82,86,94,112,121,129,133,133,155,183,209,219,253,280,291,326,349,351,354,375,381,381,384,384,387,389,393,391,397,401,403,404,413,415,416,417,419,423,426,427,428,428,435,439,439,442,443,444,448,448,449,449,451,456,456,457,457,459,463,473,478,480,486,493,493,495,498,498,502,508,512,515,516,528,529,533,538,538,538,543,543,543,543,543,543,543,543,543,543,543,543,544,544,545,545,548,548,548,549,549,549,554,557,559,563,566
SAN ANTONIO,4,16,Primavera,0,0,0,0,0,0,0,0,0,0,0,0,0,0,0,0,0,0,0,0,0,0,0,0,0,0,0,0,0,0,0,0,0,0,0,0,0,0,0,0,0,0,0,0,0,0,0,0,0,0,0,0,0,0,0,0,0,0,0,0,1,1,1,1,1,1,1,1,1,1,1,1,1,1,1,1,1,1,1,1,1,1,1,1,1,1,1,1,1,1,1,1,1,1,1,1,1,1,1,1,1,1,1,1,1,1,1,1,1,1,1,1,1,1,1,1,1,1,1,1,1,1,1,1,1,1,1,1,1,1,1,1,1,1,1,1,1,1,1,1,1,1,1,1,1,1,1,1,1,1,1,1,1,1,1,1
SAN ANTONIO,4,17,Villa Litoral,0,0,0,0,0,0,0,0,0,0,0,0,0,0,0,0,0,0,0,0,0,0,0,0,0,0,0,0,0,0,0,0,0,0,0,0,0,0,0,0,0,0,0,0,0,0,0,0,0,2,3,3,3,4,6,7,7,7,12,13,17,17,17,19,20,21,22,22,22,22,23,23,23,23,23,23,23,23,24,24,24,24,24,25,25,25,25,25,25,25,25,25,25,25,25,25,25,25,26,26,26,26,26,26,26,27,27,27,27,27,27,27,27,27,27,27,27,27,27,27,27,27,28,28,28,28,29,29,29,29,29,29,29,29,29,29,29,29,29,29,29,29,29,29,29,29,29,29,29,29,29,29,29,29,29,29
SAN ANTONIO,4,17,Villa Armonía,1,1,1,1,1,1,1,1,1,1,1,1,1,1,1,1,1,2,2,2,2,2,2,2,2,3,3,3,3,3,3,3,3,3,3,3,3,3,4,4,4,5,5,5,6,6,6,12,13,19,23,24,28,34,40,44,45,45,52,67,78,86,101,111,121,129,139,145,146,161,164,165,166,167,169,170,170,169,170,172,173,174,181,182,185,185,185,187,187,188,188,189,192,192,192,192,193,194,194,196,197,198,199,200,200,200,200,200,201,203,203,206,208,211,211,211,211,211,212,216,216,216,217,221,222,223,225,226,228,228,228,229,229,229,230,231,232,232,232,233,234,235,235,235,236,236,236,236,236,236,236,239,240,240,241,242
SAN ANTONIO,4,17,Kupini,0,0,0,0,0,0,0,0,0,0,0,0,0,0,0,0,0,1,1,1,1,1,1,1,1,1,1,1,2,2,2,2,2,2,2,2,2,2,3,3,3,3,3,3,5,5,5,6,6,8,12,13,19,20,25,26,27,27,31,34,40,44,56,58,66,70,74,81,82,90,90,90,91,91,94,94,95,94,96,96,97,97,102,107,108,108,108,108,109,110,111,112,112,112,113,115,115,115,116,114,114,114,115,118,118,120,122,122,123,123,125,128,129,130,130,134,134,135,136,138,139,141,142,146,146,147,148,149,152,155,155,155,155,155,155,155,155,155,155,155,155,155,155,156,156,156,156,156,156,156,156,157,158,158,158,158
SAN ANTONIO,4,17,Cuarto Centenario,0,0,0,0,0,0,0,0,0,0,0,0,0,0,0,0,0,0,0,0,0,0,0,0,0,0,0,0,0,0,0,0,0,0,0,0,0,0,2,2,2,2,2,2,2,2,2,2,3,5,12,12,15,18,20,24,24,24,24,26,32,37,38,41,42,46,51,54,55,59,59,59,59,59,60,60,60,60,60,63,62,64,66,66,66,69,69,68,69,69,70,70,71,71,71,71,71,71,71,71,71,71,72,71,71,71,71,71,71,71,72,72,73,74,74,76,76,76,76,77,77,77,77,78,78,78,78,78,78,78,78,78,78,78,79,79,79,79,79,79,79,79,79,79,79,79,79,80,80,80,80,80,80,80,81,82
SAN ANTONIO,4,17,Callapa,0,0,0,0,0,0,0,0,0,0,0,0,0,0,0,0,0,0,0,0,0,0,0,0,0,0,0,0,0,0,0,0,0,0,0,0,0,0,0,0,0,1,1,1,1,1,1,1,1,3,4,4,5,5,9,9,10,10,10,11,11,11,12,14,17,19,19,19,19,21,21,21,21,21,21,21,21,21,21,20,20,20,21,21,21,21,21,21,21,21,21,21,21,21,21,21,21,21,21,21,21,21,21,21,21,21,21,21,21,21,21,21,21,21,21,21,21,21,21,21,21,21,21,21,21,21,21,22,22,22,22,22,22,22,22,22,22,22,22,22,22,22,22,22,22,22,22,22,22,22,22,22,22,22,22,22
SAN ANTONIO,4,17,San Isidro,0,0,0,0,0,0,0,0,0,0,0,0,0,0,0,0,1,1,1,1,1,1,1,1,1,1,1,1,1,1,1,1,1,1,1,1,1,1,1,1,1,1,1,1,1,1,2,2,2,9,15,16,23,26,27,29,30,30,36,52,58,63,71,75,79,84,89,90,90,100,100,100,102,102,102,102,102,101,102,102,102,103,106,106,107,107,107,107,108,108,108,108,108,108,109,109,109,110,110,110,111,112,112,114,115,115,115,117,119,120,123,124,126,126,126,128,128,128,129,130,130,130,131,132,132,132,132,132,132,132,132,132,132,132,132,132,132,132,132,132,132,133,133,133,133,133,133,134,134,134,134,134,134,134,134,134
SUR,5,18,Cota Cota,4,4,4,4,4,4,4,4,4,4,4,4,4,4,4,4,4,4,4,4,4,4,4,5,6,6,7,7,7,7,7,7,7,7,7,7,7,7,7,7,7,8,8,8,11,11,12,12,12,19,26,26,33,38,43,49,56,56,63,92,103,109,114,125,137,150,152,156,158,170,173,173,172,172,172,172,173,173,175,177,177,177,179,180,180,180,180,181,181,181,182,182,184,185,186,186,186,186,186,187,189,189,189,190,192,192,192,193,193,196,197,198,198,202,203,203,203,203,203,206,207,207,207,209,209,210,212,212,212,212,212,212,212,212,212,212,212,212,213,213,214,214,214,215,215,215,216,217,218,218,218,217,218,218,218,218
SUR,5,18,Huantaqui,0,0,0,0,0,0,0,0,0,0,0,0,0,2,2,2,2,2,2,2,2,2,2,2,2,2,2,2,2,2,3,3,3,3,3,3,3,3,4,4,4,4,4,4,5,5,5,5,7,8,9,9,13,14,19,20,20,20,21,26,27,28,30,32,40,41,42,42,42,49,58,58,57,57,58,58,58,58,59,60,60,60,60,60,60,60,60,61,61,61,61,61,61,61,61,61,61,61,61,61,63,63,63,63,63,63,63,63,64,64,64,64,64,65,66,66,66,66,66,66,66,66,66,67,67,67,67,67,67,67,67,67,67,67,67,67,67,67,67,67,67,67,67,67,67,67,67,67,67,67,67,67,67,68,68,70
SUR,5,18,Huayllani,2,2,2,2,2,2,2,2,2,2,2,2,2,2,2,2,2,2,2,2,2,2,2,2,2,2,2,2,2,2,2,2,2,2,2,2,2,2,2,2,2,2,2,2,2,2,2,2,2,2,2,2,2,2,2,2,2,2,2,2,2,2,2,2,2,3,4,4,4,4,4,4,4,4,4,4,4,4,4,4,4,4,4,4,5,5,5,5,5,5,5,5,5,5,5,5,5,5,5,5,5,5,5,5,5,5,5,5,5,5,5,5,5,5,5,5,5,5,5,5,5,5,5,5,5,5,5,5,5,5,6,6,6,6,6,6,6,6,6,6,6,6,6,6,6,6,6,6,6,6,6,6,6,6,6,6
SUR,5,18,Irpavi,1,1,1,1,1,1,1,1,1,1,2,2,2,7,7,7,8,8,12,12,12,12,12,16,18,19,19,19,19,19,19,19,21,21,22,22,22,22,22,22,22,23,24,25,26,26,28,31,34,57,77,77,80,96,108,121,122,122,132,166,177,192,212,225,239,257,266,268,268,282,288,288,289,291,291,291,291,291,292,291,292,292,297,299,300,303,303,303,303,305,308,309,314,314,315,316,316,317,320,320,322,322,322,323,325,326,327,327,330,333,335,337,337,338,339,339,342,343,346,351,353,353,355,356,356,356,365,367,368,368,368,368,368,369,369,369,369,369,373,373,374,374,375,375,375,375,376,378,379,379,379,379,382,384,384,386
SUR,5,18,Irpavi II,1,1,1,1,1,1,1,1,1,1,1,1,1,1,1,1,1,1,1,1,1,1,1,1,1,1,1,1,1,1,1,1,1,1,1,1,1,1,1,1,2,2,2,3,3,3,3,3,3,7,10,10,11,12,15,19,20,20,20,26,27,29,29,30,30,30,34,34,34,34,34,34,34,34,34,34,34,34,36,37,37,37,37,37,38,38,38,38,38,38,38,38,40,40,40,40,41,41,41,44,44,44,44,44,45,45,45,45,45,45,45,46,47,47,47,48,48,49,49,49,49,49,49,49,50,50,50,50,50,50,50,50,50,50,50,50,50,50,50,50,50,50,50,50,50,50,50,50,50,50,50,50,50,50,51,51
SUR,5,18,Chijipata,0,0,0,0,0,0,0,0,0,0,0,0,0,0,0,0,0,0,0,0,0,0,0,0,0,0,0,0,0,0,0,0,0,0,0,0,0,0,0,0,0,0,0,0,0,0,0,0,0,0,0,0,0,0,0,0,0,0,0,0,0,0,0,0,0,0,0,0,0,0,0,0,0,0,0,0,0,0,0,0,0,0,0,0,0,0,0,0,0,0,0,0,0,0,0,0,0,0,0,0,0,0,0,0,0,0,0,0,0,0,0,0,0,0,0,0,0,0,0,0,0,0,0,0,0,0,0,0,0,0,0,0,0,0,0,0,0,0,0,0,0,0,0,0,0,0,0,0,0,0,0,0,0,0,0,0
SUR,5,18,Koani,0,0,0,0,0,0,0,0,0,0,0,0,0,0,0,0,0,0,0,0,0,0,0,0,0,0,0,0,0,0,0,0,1,1,1,1,1,1,1,1,1,1,1,1,1,1,1,1,1,2,3,4,6,6,7,7,7,7,7,8,9,9,10,14,20,21,21,21,21,22,23,23,22,22,22,22,22,22,22,22,22,22,24,24,24,24,24,24,24,24,24,24,24,24,24,24,24,24,24,24,24,24,24,26,26,26,26,26,26,26,26,26,26,27,27,27,27,27,27,28,28,28,28,28,28,28,29,29,29,29,29,29,29,29,29,29,29,29,29,29,29,29,29,29,29,29,29,30,30,30,30,30,30,30,30,31
SUR,5,18,La Florida,1,1,1,1,1,1,1,1,1,1,1,1,1,1,1,1,1,1,1,1,1,1,1,1,2,2,2,2,2,2,2,2,2,2,2,2,2,2,2,2,2,2,2,2,2,2,2,2,2,3,5,5,5,5,6,10,10,10,15,18,19,22,24,29,30,30,30,30,30,31,31,31,31,31,31,31,32,32,33,33,33,33,35,35,35,35,35,35,35,35,35,35,35,35,35,36,36,36,36,36,36,36,36,36,36,36,36,36,36,36,36,36,37,37,37,37,37,37,38,38,38,38,38,38,38,39,41,41,41,41,42,43,43,43,43,43,43,43,43,43,44,44,44,45,45,45,45,45,45,45,45,47,48,48,48,48
SUR,5,18,Los Pinos,0,0,0,0,0,1,1,1,1,1,1,2,2,2,2,2,2,2,3,3,3,3,3,3,6,6,6,6,6,6,7,7,8,8,8,8,8,8,11,11,11,11,11,12,12,12,15,16,16,22,37,37,40,48,49,53,54,54,62,87,90,96,99,101,110,119,120,121,123,132,135,135,132,132,132,132,131,131,132,132,132,132,135,135,135,138,138,141,141,141,141,141,142,143,143,145,145,145,146,146,147,147,148,149,152,153,153,154,155,156,157,157,157,159,159,159,160,160,160,162,163,163,164,164,164,164,167,170,170,170,170,170,170,170,170,170,170,170,170,170,170,171,171,171,171,171,171,171,171,171,171,172,172,172,173,174
SUR,5,18,Los Rosales,0,0,0,0,0,0,0,0,0,0,0,0,0,0,0,0,0,0,0,0,0,0,0,0,0,0,0,0,0,0,0,0,1,1,1,1,2,2,4,4,4,5,5,5,6,6,6,6,7,7,9,9,9,10,11,12,12,12,12,16,17,18,18,19,19,19,19,19,20,21,21,21,21,21,21,21,21,21,23,23,23,23,23,23,23,24,24,24,24,24,24,24,24,24,24,24,24,24,24,24,26,26,26,26,26,26,26,26,26,26,27,27,28,28,28,28,28,28,28,28,28,28,28,28,29,30,31,33,33,33,33,34,34,34,34,34,34,34,34,34,34,34,34,34,34,34,34,34,36,36,36,36,36,36,36,36
SUR,5,18,Meseta Achumani,0,0,0,0,0,0,0,0,0,0,0,0,0,0,0,0,0,0,0,0,0,0,0,0,0,0,0,0,0,0,0,0,0,0,0,0,0,0,0,0,0,0,0,0,0,0,1,1,1,2,2,2,3,3,4,4,4,4,4,6,7,8,9,14,17,20,20,20,20,22,22,22,23,23,24,24,24,24,26,26,26,26,27,27,27,27,29,29,29,29,27,27,27,27,27,27,27,27,27,29,29,29,29,29,29,29,29,29,30,30,30,30,30,31,31,32,32,34,34,34,34,34,34,35,35,35,36,36,36,36,36,36,37,37,37,37,37,37,37,37,37,37,37,37,37,37,37,37,37,37,37,37,37,38,38,38
SUR,5,18,Condores Lakota,0,0,0,0,0,0,0,0,0,0,0,0,0,0,0,0,0,0,0,0,0,0,0,0,0,0,0,0,0,0,0,0,0,0,0,0,0,0,1,1,1,1,1,1,1,1,1,1,1,1,1,1,1,1,1,1,1,1,1,4,4,4,4,4,4,4,4,4,4,4,4,4,4,4,4,4,4,4,4,4,4,4,4,4,4,4,4,4,4,4,4,4,4,4,4,4,4,4,4,4,4,4,4,4,5,5,5,5,5,5,5,5,5,5,5,5,5,5,5,5,5,5,5,5,5,5,5,5,5,5,5,5,5,5,5,5,5,5,5,5,5,5,5,5,5,5,5,5,5,5,5,5,5,5,5,5
SUR,5,18,Ciudadela Stronguista,0,0,0,0,0,0,0,0,0,0,0,0,0,0,0,0,0,0,0,0,0,0,0,0,0,0,0,0,0,0,0,0,0,0,0,0,0,0,0,0,0,0,0,0,0,0,0,0,0,0,0,0,1,1,1,1,1,1,1,1,1,1,1,1,1,1,1,1,1,1,1,1,1,1,1,1,1,1,1,1,1,1,1,1,1,1,1,1,1,1,1,1,1,1,1,1,1,1,1,1,1,1,1,1,1,1,1,1,1,1,1,1,1,1,1,1,1,1,1,1,1,1,1,1,1,1,1,1,1,1,1,1,1,1,1,1,1,1,1,1,1,1,1,1,1,1,1,1,1,1,1,1,1,1,1,1
SUR,5,18,El Vergel,1,1,1,1,1,1,1,1,1,1,1,1,1,1,1,1,1,1,1,1,1,1,1,1,1,1,1,1,1,1,1,1,1,1,1,1,1,1,2,2,2,2,2,2,2,2,2,2,2,2,2,2,5,6,6,7,7,7,7,8,9,10,10,13,13,14,14,14,14,14,14,14,14,14,14,14,14,14,14,14,14,14,14,14,14,14,14,14,14,14,14,14,14,14,14,14,14,14,14,14,14,14,14,14,14,14,14,14,14,14,15,15,15,17,17,17,17,17,17,17,17,17,17,17,17,17,17,17,17,17,17,17,17,18,18,18,18,18,18,18,18,18,18,18,18,18,18,19,19,19,19,19,19,20,20,20
SUR,5,18,Alto Irpavi,0,0,0,0,0,0,0,0,0,0,0,0,0,2,2,2,2,2,2,2,2,2,2,2,2,2,2,2,2,2,3,3,3,3,4,4,4,4,5,5,5,5,5,5,5,5,5,5,5,14,16,16,20,22,26,27,27,27,29,37,42,50,54,59,64,69,72,72,72,77,77,77,77,80,81,82,84,83,84,84,84,84,85,88,89,90,90,91,91,91,92,92,97,97,97,97,97,97,97,97,98,98,98,98,99,100,100,101,103,103,103,105,106,109,109,109,110,110,113,115,115,115,115,115,116,117,118,118,118,119,119,119,119,119,119,119,119,119,119,119,119,119,119,119,119,119,119,119,120,120,120,121,123,123,123,123
SUR,5,18,Kellumani,0,0,0,0,0,0,0,0,0,0,0,0,0,0,0,0,0,0,0,0,0,0,0,0,0,0,0,0,0,0,0,0,0,0,0,0,0,0,0,0,0,0,0,0,0,0,0,0,0,0,0,0,0,1,1,2,2,2,2,2,2,2,2,2,3,4,4,4,4,4,4,4,4,4,4,4,4,4,4,4,4,4,4,4,4,4,4,4,4,4,4,4,4,4,4,4,4,4,4,4,6,6,6,6,6,6,6,6,6,6,6,6,6,6,6,6,6,6,6,6,6,6,6,6,6,6,6,6,6,6,6,6,6,6,6,6,6,6,6,6,6,6,6,6,6,6,6,6,6,6,6,6,6,6,6,6
SUR,5,18,Achumani Porvenir Kantutas,0,0,0,0,0,0,0,0,0,0,0,0,0,0,0,0,0,0,0,0,0,0,0,0,0,0,0,0,0,0,0,0,0,0,0,0,0,0,0,0,0,0,0,0,1,1,1,1,1,3,3,3,3,3,4,5,5,5,7,9,10,10,10,12,12,12,12,12,12,12,12,12,12,12,12,12,12,12,12,12,12,12,12,12,12,12,12,12,12,12,12,12,12,12,12,12,12,12,12,12,12,12,12,12,12,12,12,12,12,12,12,12,12,12,12,12,12,12,12,12,12,12,12,12,12,12,12,12,12,12,12,12,12,12,12,12,12,12,12,12,12,12,12,12,12,12,12,12,12,12,12,12,12,12,12,12
SUR,5,18,Alto Achumani,0,0,0,0,0,0,0,0,0,0,0,0,0,0,0,0,0,0,0,0,0,0,0,0,0,0,0,0,0,0,0,0,0,0,0,0,0,0,0,0,0,0,0,0,1,1,1,2,2,2,3,3,4,4,4,6,6,6,11,11,11,11,13,14,16,16,16,17,17,20,20,20,20,20,21,21,21,21,21,21,21,21,22,22,22,22,22,23,23,25,26,26,27,27,27,27,27,27,27,27,28,28,29,29,29,29,29,29,29,29,29,29,29,30,30,30,30,30,30,30,30,30,30,30,30,30,30,30,30,30,30,31,31,31,31,31,31,31,31,31,31,31,31,31,31,31,31,31,31,31,31,31,31,31,31,31
SUR,5,18,Calacoto,2,2,2,2,2,2,2,2,2,2,2,2,2,3,5,5,5,5,5,5,5,5,5,6,6,6,6,6,6,6,6,6,8,8,9,9,9,9,9,9,9,10,11,11,11,12,15,15,15,34,47,48,50,59,61,65,65,65,71,102,109,120,127,136,140,150,150,152,153,159,161,161,161,161,160,160,160,160,166,167,169,169,171,172,172,172,172,173,173,174,174,175,175,176,177,177,177,177,177,179,181,181,182,183,184,185,186,188,191,195,195,194,197,202,203,205,206,206,207,212,214,214,216,216,216,216,224,224,224,224,224,224,224,224,225,225,225,225,225,225,225,225,225,225,225,225,225,225,225,225,225,226,229,230,231,233
SUR,5,18,Jardines del Sur,0,0,0,0,0,0,0,0,0,0,0,0,0,0,0,0,0,0,0,0,0,0,0,0,0,0,0,0,0,0,0,0,0,0,0,0,0,0,0,0,0,0,0,0,1,1,1,1,2,5,6,6,7,8,9,10,10,10,10,18,18,22,24,27,28,29,30,31,31,31,32,32,31,31,31,31,31,31,32,32,32,32,32,32,32,32,32,34,34,36,36,36,36,36,36,36,36,36,36,36,36,36,36,36,39,39,39,39,39,39,39,39,40,40,40,40,40,40,40,41,41,41,41,41,41,41,41,41,41,41,41,41,41,42,42,42,42,42,42,42,42,42,42,42,42,42,42,42,43,43,43,44,44,44,44,44
SUR,5,18,Santa Rita,0,0,0,0,0,0,0,0,0,0,0,0,0,0,0,0,0,0,0,0,0,0,0,0,0,0,0,0,0,0,0,0,0,0,0,0,0,0,0,0,0,0,0,0,0,0,0,0,0,0,1,1,1,1,1,1,1,1,1,1,1,1,1,1,1,1,1,1,1,1,1,1,1,1,1,1,1,1,1,1,1,1,1,1,1,1,1,1,1,1,1,1,1,1,1,1,1,1,1,1,2,2,2,2,2,2,2,2,2,2,2,2,2,2,2,2,2,2,2,2,2,2,2,2,2,2,2,2,2,2,2,2,2,2,2,2,2,2,2,2,2,2,2,2,2,2,2,2,2,2,2,2,2,2,2,2
SUR,5,18,Jurenko,0,0,0,0,0,0,0,0,0,0,0,0,0,0,0,0,0,0,0,0,0,0,0,0,0,0,0,0,0,0,0,0,0,0,0,0,0,0,0,0,0,0,0,0,0,0,0,0,0,0,0,0,0,0,0,0,0,0,0,0,0,0,0,0,0,0,0,0,0,0,0,0,0,0,0,0,0,0,0,0,0,0,0,0,0,0,0,0,0,0,0,0,0,0,0,0,0,0,0,0,0,0,0,0,0,0,0,0,0,0,0,0,0,0,0,0,0,0,0,0,0,0,0,0,0,0,0,0,0,0,0,0,0,0,0,0,0,0,0,0,0,0,0,0,0,0,0,0,0,0,0,0,0,0,0,0
SUR,5,18,Achumani,6,6,6,6,6,6,6,6,7,7,7,7,7,7,7,8,9,10,10,11,11,11,11,13,12,12,12,12,12,12,13,13,13,13,13,14,14,14,17,18,18,19,20,20,22,22,22,25,28,43,56,56,67,84,92,104,106,106,122,159,171,193,209,226,237,262,277,285,287,333,339,339,338,338,340,340,340,340,341,344,347,347,351,354,356,358,358,359,361,361,362,362,363,363,368,369,370,372,373,373,376,377,377,378,382,382,386,387,388,390,391,396,399,407,409,410,412,413,415,418,423,424,424,427,428,429,439,444,445,445,445,446,447,447,447,447,447,447,448,448,448,448,448,448,450,451,451,452,453,453,453,453,455,455,462,466
SUR,5,18,San Miguel,2,2,2,2,2,2,2,2,2,2,3,3,3,3,3,3,3,3,3,3,3,3,3,3,3,3,3,3,4,4,4,4,5,5,5,5,5,5,7,8,8,8,8,9,9,9,9,10,10,13,14,14,16,16,19,21,22,22,23,30,30,33,34,36,38,41,41,41,41,43,43,43,43,43,43,43,43,43,43,43,43,43,44,45,46,46,46,46,46,46,46,46,47,47,47,48,48,49,49,50,50,50,50,50,50,50,50,50,50,50,50,51,51,53,53,53,53,53,53,54,54,54,54,55,55,55,55,55,55,55,56,56,56,56,56,56,56,56,56,56,56,56,56,55,55,55,55,55,55,55,55,56,56,57,57,57
SUR,5,18,Auquisamaña,0,0,0,0,0,0,0,0,0,0,0,0,0,0,0,0,0,1,1,1,1,1,1,1,1,1,1,1,1,1,1,1,2,2,2,2,2,2,3,3,3,3,3,3,3,4,4,4,4,4,4,4,5,8,11,11,11,11,14,18,21,21,24,27,28,30,30,30,31,31,31,31,31,31,31,31,31,31,31,34,34,34,34,34,34,34,34,34,35,35,35,35,36,36,36,36,36,36,36,36,36,37,37,37,37,37,37,37,39,40,41,41,41,41,41,41,41,41,41,41,41,43,43,43,43,43,43,43,43,43,43,43,43,43,44,44,44,44,44,44,44,44,44,44,44,44,44,44,44,44,44,44,45,45,45,46
SUR,5,18,Alto Calacoto,0,0,0,0,0,0,0,0,0,0,0,0,0,0,0,0,0,0,0,0,0,0,0,0,0,0,0,0,0,0,0,0,0,0,0,0,0,0,1,1,1,2,2,2,2,2,2,2,2,2,3,3,3,3,6,6,6,6,8,8,9,11,12,12,13,14,15,15,15,15,15,15,15,15,15,15,15,15,15,15,15,15,15,15,15,15,15,15,15,15,15,15,15,15,15,15,15,15,16,16,17,17,18,18,18,18,18,18,18,18,18,18,18,18,18,18,18,18,18,18,19,19,19,19,19,19,19,19,19,19,19,19,20,20,20,20,20,20,20,20,20,20,20,20,20,20,20,20,20,20,20,20,21,21,21,21
SUR,5,18,Alto La Florida,0,0,0,0,0,0,0,0,0,0,0,0,0,0,0,0,0,0,0,0,0,0,0,0,0,0,0,0,0,0,0,0,0,0,0,0,0,0,0,0,0,0,0,0,0,0,0,0,0,0,0,0,0,0,0,0,0,0,0,1,1,1,1,2,2,2,2,2,2,2,3,3,3,3,3,3,3,3,3,3,3,3,3,3,3,3,3,3,3,3,3,3,3,3,3,3,3,3,3,3,3,3,3,3,3,3,3,3,3,3,3,3,3,3,3,3,3,3,3,3,3,3,3,4,4,4,4,4,4,4,4,4,4,4,4,4,4,4,4,4,4,4,4,4,4,4,4,4,4,4,4,4,4,4,4,4
SUR,5,18,Aruntaya,1,1,1,1,1,1,1,1,1,1,1,1,1,1,2,2,2,2,2,2,2,2,2,2,2,2,2,2,2,2,2,2,2,2,2,2,2,2,3,3,3,3,3,3,3,3,3,3,3,4,4,4,4,4,4,4,4,4,5,5,5,6,6,8,10,10,10,10,10,10,10,10,10,10,10,10,10,10,10,10,10,10,10,10,10,10,10,10,10,10,10,10,10,10,10,10,10,10,10,10,11,11,12,12,12,12,12,12,12,12,12,12,12,12,12,12,12,13,13,13,13,13,13,13,13,13,13,13,13,13,13,13,13,13,13,13,13,13,13,13,13,13,13,13,13,13,13,14,14,14,14,15,15,15,16,16
SUR,5,19,Ovejuyo,0,0,0,0,0,0,0,0,0,0,0,1,1,1,1,1,1,1,1,1,1,1,1,1,1,1,1,1,1,1,1,1,1,1,1,1,1,1,1,1,1,1,1,1,1,1,1,1,1,4,5,5,6,11,12,12,12,12,12,14,15,15,15,16,19,19,20,22,22,27,27,27,27,27,28,28,28,28,28,29,29,30,30,30,30,30,30,31,31,31,32,32,33,33,33,33,33,34,34,35,35,36,36,37,37,38,37,38,38,39,39,41,41,42,42,42,42,42,42,44,44,44,45,45,46,48,49,49,49,49,49,49,49,49,49,49,49,49,49,49,49,49,49,49,49,49,49,49,49,49,49,49,50,50,50,50
SUR,5,19,Los Rosales Alto Calacoto,0,0,0,0,0,0,0,0,0,0,0,0,0,0,0,0,1,1,1,1,1,1,1,1,1,1,1,1,1,1,1,1,1,1,1,1,1,1,1,1,1,2,2,2,2,2,2,2,2,3,7,8,8,10,10,11,11,11,11,13,13,13,14,14,16,19,19,19,19,22,22,22,22,22,22,22,22,22,22,22,22,22,23,23,23,23,23,23,23,23,23,23,23,23,23,23,23,23,23,23,23,23,23,23,23,23,23,23,23,23,23,23,23,23,23,23,23,23,24,24,24,24,24,24,24,24,24,24,24,24,24,24,24,24,24,24,24,24,24,24,24,24,24,24,24,24,24,24,24,24,24,25,25,25,25,25
SUR,5,19,Ovejuyo El Arenal,0,0,0,0,0,0,0,0,0,0,0,0,0,0,0,0,0,0,0,0,0,0,0,0,0,0,0,0,0,0,0,0,0,0,0,0,0,0,0,0,0,0,0,0,0,0,0,0,0,0,0,0,0,0,0,0,0,0,0,0,0,0,0,0,0,0,0,0,0,0,0,0,0,0,3,3,3,3,3,3,3,3,3,3,3,3,3,3,3,3,3,3,3,3,3,3,3,3,3,3,3,3,3,3,3,3,3,3,3,3,3,3,3,3,3,3,3,3,3,3,3,3,3,3,3,3,3,3,3,3,3,3,3,3,3,3,3,3,3,3,3,3,3,3,3,3,3,3,3,3,3,3,3,3,4,4
SUR,5,19,Pedregal,0,0,0,0,0,0,0,0,0,0,0,1,1,1,1,1,1,1,1,1,1,1,1,1,1,1,1,1,1,1,1,1,1,1,1,1,1,1,1,1,1,1,1,2,2,2,2,2,3,6,7,7,8,10,10,10,10,10,13,15,16,16,18,23,25,29,29,29,30,31,32,32,32,32,33,33,33,33,34,34,34,34,34,34,34,34,34,35,35,35,35,35,36,36,36,36,36,36,36,36,36,36,36,38,38,38,39,39,39,39,39,40,41,42,42,42,42,42,42,42,42,42,42,43,43,43,43,43,43,43,43,43,43,43,43,43,43,43,43,43,43,43,43,43,43,43,43,43,43,43,43,43,43,43,43,43
SUR,5,19,Rosas de Calacalani,0,0,0,0,0,0,0,0,0,0,0,0,0,0,0,0,0,0,0,0,0,0,0,0,0,0,0,0,0,0,0,0,0,0,0,0,0,0,0,0,0,0,0,0,0,0,0,0,0,0,0,0,0,0,0,0,0,0,0,0,0,0,0,0,0,0,0,0,0,0,0,0,0,0,0,0,0,0,0,0,0,0,0,0,0,0,0,0,0,0,0,0,0,0,0,0,0,0,0,0,0,0,0,0,0,0,0,0,0,0,0,0,0,0,0,0,0,0,0,0,0,0,0,0,0,0,0,0,0,0,0,0,0,0,0,0,0,0,0,0,0,0,0,0,0,0,0,0,0,0,0,0,0,0,0,0
SUR,5,19,Villa Apaña,0,0,0,0,0,0,0,0,0,0,0,0,0,0,0,0,0,0,0,0,0,0,0,0,0,0,0,0,0,0,0,0,0,0,0,0,0,0,0,0,0,0,0,0,0,0,0,0,0,0,0,0,0,0,0,0,0,0,0,0,0,0,0,0,0,0,0,0,0,0,0,0,0,0,0,0,0,0,0,0,0,0,0,0,0,0,0,0,0,0,0,0,0,0,0,0,0,0,0,0,0,0,0,0,0,0,0,0,0,0,0,0,0,0,0,0,0,0,0,0,0,0,0,1,1,1,1,1,1,1,1,1,1,1,1,1,1,1,1,1,1,1,1,1,1,1,1,1,1,1,1,1,1,1,1,1
SUR,5,19,Lomas de Achumani,0,0,0,0,0,0,0,0,0,0,0,0,0,0,0,0,0,0,0,0,0,0,0,0,0,0,0,0,0,0,0,0,0,0,0,0,0,0,0,0,0,0,0,0,0,0,0,0,0,1,3,3,4,5,5,5,5,5,5,9,13,13,13,13,13,13,15,15,15,16,16,16,16,16,16,16,16,15,15,15,15,15,15,15,15,15,15,15,15,15,15,15,15,15,15,15,15,15,15,15,15,15,15,15,15,15,15,15,15,15,15,15,15,15,15,15,15,15,15,16,16,16,16,16,16,16,16,16,16,16,16,16,16,17,17,17,17,17,17,17,17,17,17,17,17,17,17,17,17,17,17,17,17,17,18,18
SUR,5,19,Virgen de Copacabana,0,0,0,0,0,0,0,0,0,0,0,0,0,0,0,0,0,0,0,0,0,0,0,0,0,0,0,0,0,0,0,0,0,0,0,0,0,0,0,0,0,0,0,0,1,1,1,1,1,1,1,1,1,1,1,1,1,1,2,2,2,2,2,2,2,2,3,3,3,3,3,3,3,3,3,3,3,3,3,3,3,3,3,3,3,3,3,4,4,4,4,4,4,4,4,4,4,4,4,4,4,5,5,5,5,5,5,5,5,5,6,6,6,6,7,7,7,7,7,7,7,7,8,8,8,8,8,8,8,8,8,8,8,8,8,8,8,8,8,8,8,8,8,8,8,8,8,8,8,8,8,8,8,8,8,8
SUR,5,19,Virgen de la Merced,0,0,0,0,0,0,0,0,0,0,0,0,0,0,0,0,0,0,0,0,0,0,0,0,0,0,0,0,0,0,0,0,0,0,0,0,0,0,0,0,0,0,0,0,0,0,0,0,0,0,0,0,3,3,3,3,3,3,3,3,4,4,5,5,7,8,8,8,8,8,8,8,8,8,8,8,8,8,8,8,8,8,8,8,9,9,9,9,9,10,10,10,10,10,10,10,10,10,10,10,10,10,10,10,10,10,10,10,10,11,11,11,11,11,11,11,11,11,11,11,11,11,11,11,11,11,11,11,11,11,11,11,11,11,11,11,11,11,11,11,11,11,11,12,12,12,12,12,12,12,12,12,12,12,12,12
SUR,5,19,Huancané,0,0,0,0,0,0,0,0,0,0,0,0,0,0,0,0,0,0,0,0,0,0,0,0,0,0,0,0,0,0,0,0,0,0,0,0,0,0,0,0,0,0,0,0,0,0,0,0,0,0,0,0,1,1,1,1,1,1,1,2,2,2,2,2,2,2,2,2,2,2,2,2,2,2,2,2,2,2,2,2,2,2,2,2,2,2,2,2,2,2,2,2,2,2,2,2,2,2,2,2,2,2,2,2,2,2,2,2,2,2,2,2,2,2,2,2,2,2,2,2,2,2,2,2,2,2,2,2,2,2,2,2,2,2,2,2,2,2,2,2,2,2,2,2,2,2,2,2,2,2,2,2,2,2,2,2
SUR,5,19,Wilacota,0,0,0,0,0,0,0,0,0,0,0,0,0,0,0,0,0,0,0,0,0,0,0,0,0,0,0,0,0,0,0,0,0,0,0,0,0,0,0,0,0,0,0,0,1,1,1,1,1,2,2,2,2,2,2,2,2,2,2,2,5,5,5,5,5,6,6,6,6,6,7,7,7,7,7,7,7,7,7,7,7,7,7,7,7,7,7,7,7,7,7,7,7,7,7,7,7,7,7,7,7,7,7,7,7,7,7,7,7,7,7,7,7,7,7,7,7,7,7,8,8,8,9,9,9,9,9,9,9,9,9,9,9,9,9,9,9,9,9,9,9,9,9,9,9,9,9,9,9,9,9,9,9,9,9,9
SUR,5,19,Chasquipampa,0,0,0,0,0,0,0,0,0,0,0,0,0,0,3,5,5,5,5,5,5,5,5,5,5,5,5,5,5,5,5,5,6,6,6,6,6,6,8,8,9,9,9,9,9,9,9,10,11,20,26,26,31,34,39,41,42,42,45,56,61,63,69,77,84,86,92,95,96,100,103,103,103,103,103,103,104,104,106,106,107,107,110,112,113,114,115,117,117,117,118,119,119,120,122,122,122,123,123,123,124,126,127,129,129,129,130,130,130,132,132,133,133,133,133,136,136,136,139,144,146,146,147,147,147,148,150,150,150,150,150,150,150,150,150,150,150,150,150,150,150,150,150,150,150,150,150,151,151,151,151,151,151,151,152,154
SUR,5,19,Casegural,0,0,0,0,0,0,0,0,0,0,0,0,0,0,0,0,0,0,0,0,0,0,0,0,0,0,0,0,0,0,0,0,0,0,0,0,0,0,0,0,0,0,0,0,0,0,0,0,0,1,1,1,2,5,5,5,5,5,7,8,9,9,10,10,10,11,11,11,11,11,11,11,11,12,12,12,12,12,12,13,13,14,14,15,15,15,15,15,15,15,15,15,15,15,15,15,15,15,16,16,16,16,16,16,16,16,16,16,16,16,16,16,16,16,16,16,16,16,17,17,17,17,17,18,18,18,18,18,18,18,18,18,18,18,18,18,18,18,18,18,18,18,18,18,18,18,18,19,19,19,19,19,19,19,19,19
SUR,5,19,Kupillani,0,0,0,0,0,0,0,0,0,0,0,0,0,0,0,0,0,0,0,0,0,0,0,0,0,0,0,0,0,0,0,0,0,0,0,0,0,0,0,0,0,0,0,0,0,0,0,0,0,0,0,0,2,2,2,2,2,2,2,2,2,2,2,3,5,5,5,5,5,5,5,5,5,5,5,5,5,5,6,6,6,6,8,8,8,8,8,8,8,8,8,8,8,8,8,8,8,8,8,8,8,9,9,9,9,9,9,9,9,9,9,9,9,9,9,9,9,9,9,9,9,9,9,9,9,9,9,9,9,9,9,9,9,9,9,9,9,9,9,9,9,9,9,9,9,9,9,9,10,10,10,10,10,10,10,10
SUR,5,19,Coqueni,0,0,0,0,0,0,0,0,0,0,0,0,0,0,0,0,0,0,0,0,0,0,0,0,0,0,0,0,0,0,0,0,0,0,0,0,0,0,1,1,1,1,1,1,1,1,1,1,1,1,1,1,1,2,2,2,2,2,2,2,2,3,3,3,3,3,4,4,5,5,5,5,5,5,5,5,5,5,5,5,5,6,7,7,7,7,7,7,8,8,8,8,8,8,8,8,8,8,8,8,8,8,8,9,9,9,10,10,10,10,10,10,10,10,10,10,10,10,10,10,10,10,10,10,10,10,10,10,10,10,10,10,10,10,10,10,10,10,10,10,10,10,10,10,10,10,10,10,10,10,10,10,10,10,10,10
SUR,5,21,San Alberto,2,2,2,2,2,2,2,2,2,2,2,2,2,2,2,2,2,2,2,2,2,2,2,2,2,2,2,2,2,2,2,2,2,2,2,2,2,2,2,2,2,2,2,2,2,2,2,2,2,2,2,2,3,3,3,3,3,3,3,5,5,5,5,5,5,6,7,7,8,8,8,8,8,8,8,8,8,8,8,8,8,8,8,8,8,8,8,8,8,8,8,8,8,8,8,8,8,8,8,8,8,8,8,8,8,8,8,8,8,8,8,8,8,8,8,8,8,8,8,8,8,8,8,8,8,8,8,8,8,8,8,8,8,8,8,8,8,8,8,8,8,8,8,8,8,8,8,8,8,8,8,8,8,8,8,8
SUR,5,21,Kantutani Bajo Llojeta,2,2,2,2,2,2,2,2,2,2,2,2,2,2,2,2,2,2,2,2,2,2,2,2,3,3,3,3,3,3,3,3,3,3,3,3,3,3,3,3,3,3,3,3,3,3,4,5,5,9,10,10,11,14,17,18,18,18,17,21,24,26,28,28,30,31,31,31,31,34,34,34,35,35,35,35,35,35,35,35,35,36,40,40,40,40,40,40,40,40,40,40,40,40,40,40,40,41,41,41,41,41,41,41,42,43,43,43,43,43,44,47,48,48,48,48,48,48,48,48,48,48,48,49,51,51,51,51,52,52,52,52,52,52,52,52,52,52,53,53,53,53,53,53,53,54,54,54,54,54,54,55,55,55,55,55
SUR,5,21,Següencoma Bajo,3,3,3,3,3,3,3,3,3,3,3,3,3,3,3,3,3,4,4,4,4,4,4,4,5,6,6,6,6,6,6,6,6,6,6,6,6,6,7,7,7,7,7,7,8,8,8,9,9,13,14,14,14,17,19,21,27,27,35,40,43,43,46,47,51,55,59,60,60,64,66,66,64,64,64,64,64,64,64,65,65,65,65,66,67,68,68,68,68,68,68,68,68,68,71,72,72,72,72,72,72,72,72,72,72,72,72,72,72,72,72,73,73,74,74,74,74,75,75,77,77,77,77,77,77,77,81,83,83,84,84,84,84,84,84,84,84,84,84,84,84,86,87,88,88,88,89,89,89,89,89,89,91,91,91,91
SUR,5,21,Obrajes,3,3,3,3,3,3,3,3,3,3,3,3,3,5,5,8,8,9,9,9,9,9,9,10,10,11,11,11,11,12,12,12,12,12,12,12,12,12,19,20,20,22,22,25,27,28,30,32,32,43,66,67,79,92,101,108,110,110,130,174,191,206,221,247,278,299,316,324,328,347,350,350,353,353,354,355,355,354,356,358,358,361,367,368,369,370,371,375,375,377,377,377,381,384,388,388,389,392,395,394,402,406,409,411,415,417,420,423,423,427,431,435,439,445,446,448,450,450,459,463,465,466,467,467,467,468,471,474,474,474,474,475,476,477,476,476,476,476,476,476,475,476,476,476,477,478,481,482,485,485,485,491,494,495,495,497
SUR,5,21,Huanu Huanuni,1,1,1,1,1,1,1,1,1,1,1,1,1,1,1,1,1,1,1,1,1,1,1,1,1,1,1,1,2,2,2,2,2,2,2,2,2,2,2,2,2,2,2,3,3,3,3,3,3,3,3,3,3,3,3,4,4,4,4,8,8,9,9,9,11,11,11,12,12,12,12,12,12,12,12,12,12,12,12,13,13,13,13,13,13,13,13,13,13,13,13,13,14,14,14,14,14,14,14,14,14,14,14,14,14,14,14,14,14,14,14,14,14,16,16,16,16,16,16,16,16,16,16,16,16,16,16,16,16,16,16,16,16,16,16,16,16,16,16,16,16,16,16,16,16,16,16,16,16,16,16,16,16,16,16,16
SUR,5,21,Gramadal,0,0,0,0,0,0,0,0,0,0,0,0,0,0,0,0,0,0,0,0,0,0,0,0,0,0,0,0,0,0,0,0,0,0,0,0,0,0,0,0,0,0,0,0,0,0,0,0,0,0,0,0,1,1,1,1,1,1,1,2,2,2,3,4,5,8,8,9,9,9,9,9,9,9,9,9,9,9,9,10,10,10,10,10,10,10,10,10,11,11,12,12,12,12,12,12,12,12,12,12,12,12,12,12,12,12,13,13,13,13,13,13,13,13,13,13,13,13,13,14,14,14,14,14,15,15,15,15,15,15,15,15,15,15,15,15,15,15,15,15,15,15,16,16,16,16,16,16,16,16,16,16,16,16,16,16
SUR,5,21,Caliri,0,0,0,0,0,0,0,0,0,0,0,0,0,0,0,0,0,0,0,0,0,0,0,0,0,0,0,0,0,0,0,0,0,0,0,0,0,0,0,0,0,0,0,0,1,1,1,1,1,2,3,3,3,3,3,5,5,5,7,7,7,7,7,7,9,10,11,11,11,11,11,11,11,11,11,11,11,11,11,12,12,12,12,12,12,12,12,12,12,12,12,12,13,13,13,13,13,13,13,13,13,13,13,13,13,13,13,13,13,13,13,14,14,14,15,16,16,16,16,16,16,16,16,17,17,17,17,17,17,17,17,17,17,17,17,17,17,17,17,17,17,17,17,17,17,17,17,17,17,17,17,17,18,18,18,18
SUR,5,21,Bolognia,0,0,0,0,0,0,0,0,0,0,0,0,0,1,1,1,1,1,1,1,1,1,1,1,1,1,1,1,1,1,1,1,1,1,1,1,1,1,1,2,2,2,2,2,2,2,2,3,3,7,10,10,13,13,15,16,16,16,16,20,21,26,30,35,37,37,39,39,40,46,47,47,48,49,49,49,49,49,50,51,51,51,55,56,57,57,57,59,59,59,60,61,62,62,62,62,62,63,63,63,64,64,64,64,65,65,65,65,65,65,65,65,66,67,67,67,68,69,70,71,71,71,71,71,72,72,72,72,72,72,72,72,72,72,72,72,72,72,72,72,72,72,72,72,72,72,72,73,73,73,73,73,74,75,75,75
SUR,5,21,Bella Vista,1,1,1,1,1,1,1,1,1,1,2,2,2,3,3,3,4,4,4,4,4,4,4,4,4,4,4,4,4,4,4,4,4,4,4,4,4,4,6,6,6,8,8,8,11,12,13,13,18,21,28,29,32,40,46,51,52,52,61,78,87,90,94,96,105,112,117,117,119,123,125,125,127,128,129,133,133,133,136,136,136,136,141,141,142,143,145,146,147,149,149,149,152,153,153,153,153,155,155,157,162,163,165,169,172,172,173,173,175,176,177,180,181,183,186,186,187,187,191,194,195,195,195,195,197,197,200,202,204,205,206,207,208,208,208,208,208,208,208,208,210,210,210,209,209,210,211,211,212,212,212,212,212,212,212,214
SUR,5,21,Alto Següencoma,5,5,5,5,5,5,5,5,5,5,5,5,5,5,5,5,5,5,5,5,5,5,5,6,6,6,6,6,6,6,6,6,6,6,6,6,6,6,7,7,7,8,8,8,8,9,9,9,9,12,15,15,17,21,27,28,30,30,34,44,54,59,63,66,67,72,76,76,77,81,82,82,82,82,83,83,83,83,83,84,85,85,88,89,89,89,89,89,89,89,89,89,90,90,90,90,90,94,94,93,93,93,93,96,96,96,96,97,99,101,101,103,103,104,105,105,105,105,106,109,109,110,110,110,110,110,112,112,113,113,113,113,114,114,114,114,114,114,114,114,114,115,115,115,115,115,115,115,115,115,115,115,116,116,117,119
SUR,5,21,Alto Obrajes,1,1,1,1,1,1,1,1,1,1,2,2,2,3,3,3,3,3,3,3,3,3,3,3,3,3,3,3,3,3,3,3,4,4,4,4,4,4,4,4,5,5,5,6,6,6,7,9,11,21,32,35,41,53,62,68,69,69,84,108,127,144,149,175,183,193,208,213,214,229,235,235,234,234,236,238,239,238,240,245,244,245,256,256,257,258,261,264,271,274,274,275,276,277,280,282,282,284,286,288,290,290,290,294,296,296,296,296,297,303,304,308,310,313,314,316,318,318,319,323,323,326,327,328,328,328,330,330,330,332,332,333,333,335,335,335,335,335,336,336,337,337,337,338,338,339,339,339,340,340,340,346,348,349,349,352
SUR,5,21,Ventilla,0,0,0,0,0,0,0,0,0,0,0,0,0,0,0,1,1,1,2,2,2,2,2,2,2,2,2,2,2,2,2,2,2,2,2,2,2,2,2,2,2,3,3,3,3,3,4,4,4,5,7,7,8,12,12,14,15,15,20,24,24,24,27,29,32,34,34,34,34,37,38,38,37,37,38,38,38,38,40,40,40,40,41,41,42,43,43,43,44,45,45,45,45,45,45,45,45,46,46,45,45,46,46,46,48,49,49,49,49,49,49,50,50,50,50,51,51,51,51,51,52,53,54,54,55,56,56,58,58,58,58,58,58,58,58,58,58,58,58,58,58,58,58,58,58,58,58,58,58,58,58,58,58,58,58,58
MALLASA,6,20,Lipari,0,0,0,0,0,0,0,0,0,0,0,0,0,0,0,0,0,0,0,0,0,0,0,0,0,0,0,0,0,0,0,0,0,0,0,0,0,0,0,0,0,0,0,0,0,0,0,0,0,0,0,0,0,0,0,0,0,0,0,0,0,0,0,0,0,0,1,1,1,1,1,1,1,1,1,1,1,1,1,1,1,1,1,1,1,1,1,1,1,1,1,1,1,1,1,1,1,1,1,1,1,1,1,1,1,1,1,1,1,1,1,1,1,1,1,1,1,1,1,1,1,1,1,1,1,1,1,1,1,1,1,1,1,1,1,1,1,1,1,1,1,1,1,1,1,1,1,1,1,1,1,1,1,1,1,1
MALLASA,6,20,Aranjuéz,1,1,1,1,1,1,1,1,1,1,1,1,1,1,1,1,1,1,2,2,2,2,2,2,2,2,2,2,2,2,2,2,2,2,2,2,2,2,2,2,2,2,2,2,2,2,2,2,2,3,4,4,6,7,9,9,9,9,10,12,13,13,14,15,16,17,17,17,17,18,18,18,18,18,19,19,19,19,19,19,19,19,19,19,19,19,19,19,19,19,19,19,19,19,19,19,19,19,19,19,20,20,20,20,20,20,20,20,20,21,21,21,21,21,21,21,22,23,24,26,26,26,26,26,26,26,26,26,26,26,26,26,26,26,26,26,26,26,26,26,26,26,26,26,26,26,26,26,28,28,28,29,29,29,29,29
MALLASA,6,20,Isla Verde,0,0,0,0,0,0,0,0,0,0,0,0,0,0,0,0,0,0,0,0,0,0,0,0,0,0,0,0,0,0,0,0,0,0,0,0,0,0,0,0,0,0,0,0,0,0,0,0,0,0,0,0,0,0,0,0,0,0,1,1,1,1,1,2,2,2,2,2,2,2,2,2,2,2,2,2,2,2,2,2,2,2,2,2,2,2,2,2,2,2,2,2,2,2,2,2,2,2,2,2,2,2,2,2,2,2,2,2,2,2,2,2,2,2,2,2,2,2,2,2,2,2,2,2,2,2,2,2,2,2,2,2,2,2,2,2,2,2,2,2,2,2,2,2,2,2,2,2,2,2,2,2,2,2,2,2
MALLASA,6,20,Jupapina,0,0,0,0,0,0,0,0,0,0,0,0,0,0,0,0,0,0,0,0,0,0,0,0,0,0,0,0,0,0,0,0,0,0,0,0,0,0,0,0,0,0,0,0,0,0,0,0,1,1,2,2,2,2,3,5,5,5,5,6,7,7,10,10,10,14,17,17,17,18,18,18,18,18,18,18,18,18,21,21,21,22,23,23,23,23,23,23,23,24,24,24,24,24,24,24,24,24,24,24,25,26,26,26,26,26,26,26,26,26,27,27,27,27,27,27,27,27,27,27,27,27,27,27,27,28,28,28,28,28,29,29,29,29,29,29,29,29,29,29,29,29,29,27,27,27,27,27,27,27,27,27,28,28,28,28
MALLASA,6,20,Mallasa,0,0,0,0,0,0,0,0,0,0,0,0,0,0,0,0,0,0,0,0,0,0,0,0,0,0,0,0,0,0,0,0,0,0,0,0,0,0,4,4,4,4,4,4,4,4,4,4,4,10,17,17,18,19,23,24,24,23,24,24,25,27,28,29,31,32,32,32,32,32,32,32,32,32,32,32,32,32,33,33,33,33,33,33,34,34,34,34,34,34,34,34,34,34,34,34,34,34,34,34,35,35,35,35,36,36,36,36,36,36,36,36,37,38,38,38,38,38,38,38,38,38,38,39,39,39,39,40,40,41,41,41,41,41,41,41,41,41,41,41,41,41,41,41,41,41,41,41,41,41,41,42,43,45,45,45
MALLASA,6,20,Mallasilla,0,0,0,0,0,0,0,0,0,0,0,0,0,0,0,0,0,0,0,0,0,0,0,0,0,0,0,0,0,0,0,0,1,1,1,1,1,1,1,1,1,1,1,1,1,1,1,1,1,1,3,3,4,4,5,5,5,5,6,8,9,11,12,13,15,17,18,21,21,23,23,23,23,23,23,23,23,23,23,23,23,24,27,27,27,29,29,29,29,29,29,29,29,29,29,30,30,30,30,30,30,30,30,31,31,31,31,31,32,32,32,32,32,32,32,32,32,32,32,32,32,32,32,32,32,32,32,32,32,32,32,32,32,33,33,33,33,33,34,34,34,34,34,34,34,34,34,34,35,35,35,36,36,36,36,36
MALLASA,6,20,Chiaraque,0,0,0,0,0,0,0,0,0,0,0,0,0,0,0,0,0,0,0,0,0,0,0,0,0,0,0,0,0,0,0,0,0,0,0,0,0,0,0,0,0,0,0,0,0,0,0,0,0,0,0,0,0,0,0,0,0,0,0,0,0,0,0,0,0,0,0,0,0,0,0,0,0,0,0,0,0,0,0,0,0,0,0,0,0,0,0,0,0,0,0,0,0,0,0,0,0,0,0,0,0,0,0,0,0,0,0,0,1,1,1,1,1,1,1,1,1,1,1,1,1,1,1,1,1,1,1,1,1,1,1,1,1,1,1,1,1,1,1,1,1,1,1,1,1,1,1,1,1,1,1,1,1,1,1,1
MALLASA,6,20,Amor de Dios,0,0,0,0,0,0,0,0,0,0,0,0,0,0,0,0,0,0,0,0,0,0,0,0,0,0,0,0,0,0,0,0,0,0,0,0,0,0,0,0,0,0,0,0,0,0,0,0,0,0,1,1,2,3,3,3,4,4,4,4,7,9,11,11,12,12,12,12,12,12,13,13,13,13,13,13,13,13,13,13,13,13,13,13,13,13,13,13,13,14,15,15,15,15,15,15,16,16,16,16,16,16,16,17,17,17,17,17,17,17,17,18,18,18,18,18,18,18,18,19,19,19,19,19,19,19,19,19,19,19,19,19,19,19,19,19,19,19,19,19,19,19,19,19,19,19,19,19,19,19,19,19,19,20,20,20
CENTRO,7,1,Santa Barbara,2,2,2,2,2,2,2,2,2,2,2,2,2,2,2,2,2,3,3,3,3,3,3,3,4,4,4,4,4,4,4,4,4,4,4,4,4,4,5,5,5,6,6,6,6,7,7,7,8,10,18,20,24,30,34,36,38,38,45,64,70,75,87,96,106,112,119,120,120,122,123,123,123,123,123,124,125,125,125,125,125,126,129,129,131,131,132,133,136,136,137,138,139,140,141,141,141,141,141,140,140,140,140,141,142,142,143,145,145,145,148,151,153,156,157,158,158,158,159,160,160,160,160,161,161,161,161,163,165,167,168,168,168,169,169,169,169,169,169,169,170,170,170,170,170,170,170,170,171,171,171,173,176,176,177,177
CENTRO,7,1,San Sebastián,1,1,1,1,1,1,1,1,1,1,1,1,1,1,1,1,1,1,2,2,2,2,2,2,2,2,2,2,2,2,2,2,2,2,2,2,2,2,3,3,4,4,5,5,6,6,8,8,8,15,33,34,38,46,47,50,50,49,53,67,72,78,81,87,91,95,101,102,102,112,113,113,113,115,115,115,115,114,114,116,116,116,119,120,120,121,121,121,122,122,122,122,123,123,123,123,123,125,125,126,127,128,129,130,131,131,131,132,133,133,134,135,138,139,139,139,139,139,139,140,140,141,142,144,144,144,144,145,146,147,148,148,148,148,148,148,148,148,148,148,148,148,148,148,149,150,150,150,152,152,152,152,152,152,152,153
CENTRO,7,1,San Jorge,1,1,1,2,2,2,2,2,2,2,5,6,6,7,7,7,8,9,9,9,9,10,10,11,11,11,11,11,11,11,11,11,12,12,12,14,14,14,17,17,18,18,18,19,20,20,26,31,33,49,59,59,65,72,81,90,92,92,107,117,122,135,152,160,174,181,193,194,194,205,205,205,206,206,209,209,209,209,212,212,212,212,217,220,221,221,221,225,226,228,229,229,231,232,234,234,234,234,236,236,236,237,238,241,243,244,244,246,247,251,253,255,255,261,262,262,263,265,269,271,271,271,272,273,273,273,274,275,275,275,275,276,276,276,276,276,276,276,276,276,276,276,276,276,276,276,276,276,277,277,277,279,280,281,281,281
CENTRO,7,1,El Rosario,0,0,0,0,0,0,0,0,0,0,0,0,0,0,0,0,0,0,0,0,0,0,0,0,0,0,0,0,0,0,0,0,0,0,1,1,1,1,1,1,1,1,1,2,2,2,2,2,2,4,5,5,11,12,16,18,19,19,23,28,32,36,39,45,52,62,69,70,70,77,77,77,78,78,78,78,78,78,79,79,81,81,83,83,83,83,83,84,84,84,84,84,85,85,87,87,87,87,88,88,88,88,88,88,88,89,90,90,90,91,91,92,93,95,95,96,96,97,97,99,100,100,100,101,101,101,101,104,104,104,104,104,105,106,106,106,106,106,106,106,106,106,106,106,106,107,109,109,109,109,109,109,109,109,109,111
CENTRO,7,1,Central,3,3,3,3,3,3,3,3,4,4,5,6,6,6,6,6,6,6,7,7,8,8,8,8,10,11,12,12,13,13,13,13,13,13,13,14,14,14,15,15,15,16,17,19,20,20,21,24,25,36,50,53,62,71,79,88,89,89,99,116,133,149,158,166,173,186,190,194,195,202,204,204,207,207,210,212,211,211,211,209,209,210,216,215,217,218,218,219,219,219,218,218,219,221,221,221,221,221,222,222,225,225,227,228,230,231,232,234,237,239,239,242,245,247,248,248,252,252,257,259,259,259,259,259,260,260,261,263,265,265,265,265,265,268,268,268,268,268,270,270,270,270,271,270,271,271,271,272,272,272,272,276,278,278,278,279
CENTRO,7,2,Miraflores Sur,1,1,1,1,1,1,2,2,2,2,5,5,5,7,8,8,10,10,11,12,12,12,12,14,18,18,18,18,19,19,19,19,24,24,24,25,26,26,31,31,31,31,33,35,35,35,37,40,43,63,88,89,100,107,118,132,134,134,153,180,198,210,234,249,266,283,302,304,306,318,323,323,325,326,325,325,325,324,327,331,333,335,342,343,343,344,345,347,349,350,350,352,353,354,357,357,359,360,360,360,365,366,366,368,368,368,369,372,373,379,381,386,391,398,398,400,403,406,406,407,408,409,409,412,413,414,415,417,421,423,423,423,423,424,424,424,424,424,424,425,425,430,431,431,433,433,433,436,438,438,438,441,442,442,444,448
CENTRO,7,2,Miraflores,10,10,10,10,10,11,12,12,12,12,15,16,16,18,19,20,24,25,27,27,27,27,27,29,31,31,31,31,32,32,33,33,33,33,35,35,34,34,38,38,38,41,43,47,59,60,68,74,83,138,193,204,239,265,292,324,330,330,366,466,530,565,612,642,673,719,763,779,781,821,844,844,847,848,849,854,860,858,866,877,882,883,905,910,915,918,918,920,927,931,930,931,941,947,956,960,960,965,968,974,980,985,988,992,1000,1003,1004,1006,1007,1013,1022,1026,1044,1054,1055,1058,1059,1061,1065,1068,1070,1071,1073,1083,1087,1088,1098,1101,1104,1104,1105,1106,1107,1109,1110,1110,1110,1110,1111,1113,1118,1119,1119,1119,1119,1120,1121,1123,1130,1130,1130,1142,1154,1156,1164,1168
HAMPATURI,8,22,Chinchaya,0,0,0,0,0,0,0,0,0,0,0,0,0,0,0,0,0,0,0,0,0,0,0,0,0,0,0,0,0,0,0,0,0,0,0,0,0,0,0,0,0,0,0,0,0,0,0,0,0,0,0,0,0,1,2,2,2,2,2,2,3,3,3,3,3,3,3,3,3,3,3,3,3,3,3,3,3,3,3,3,3,3,3,5,5,5,5,4,4,4,4,4,4,4,4,4,4,4,4,4,4,4,4,4,4,4,4,4,4,4,4,4,5,5,5,5,5,5,5,5,5,5,5,5,5,5,5,6,6,6,6,6,6,6,6,6,6,6,6,6,6,6,6,6,6,6,6,6,6,6,6,6,6,6,6,6
HAMPATURI,8,22,Chicani,0,0,0,0,0,0,0,0,0,0,0,0,0,0,0,0,0,0,0,0,0,0,0,0,0,0,0,0,0,0,0,0,0,0,0,0,0,0,0,0,0,0,0,0,0,0,0,0,0,0,0,0,1,1,1,1,1,1,1,2,2,2,3,3,3,3,3,3,3,3,3,3,3,3,3,3,3,3,3,3,3,3,3,3,3,3,3,3,3,3,3,3,3,3,3,3,3,3,3,3,3,3,3,3,3,5,5,5,5,5,5,5,5,5,5,5,5,5,5,5,5,5,5,5,5,5,5,5,5,5,5,5,5,5,5,5,5,5,5,5,5,5,5,5,5,5,5,5,5,5,5,5,5,5,5,5
NO IDENTIFICADO,0,0,No Identificado,0,0,0,0,8,0,0,5,2,16,0,3,19,3,5,5,9,11,9,10,10,13,27,14,12,14,15,15,15,31,20,39,15,15,19,20,52,80,26,26,27,33,34,34,37,37,46,50,59,132,202,326,265,297,343,395,1022,1724,1635,695,671,680,743,802,872,958,1002,1071,1542,1224,976,1197,1245,1239,1227,1228,1209,1358,1243,1259,1260,1265,1275,1274,1276,1279,1282,1299,1317,1308,1348,1351,1375,1361,1358,1361,1360,1374,1374,1388,1392,1405,1410,1412,1433,1436,1439,1447,1457,1475,1486,1487,1514,1560,1560,1568,1565,1585,1651,1597,1703,1718,1723,1737,1738,1740,1773,1783,1785,1786,1807,1807,1828,1845,1845,1865,1899,1900,1897,1925,1953,1956,1957,1977,2014,2018,2019,2019,2028,13260,2116,1983,1896,2543,1914,1911
